Month,Currency,EUR per 1 unit
2024-04,EUR,1.0
2024-05,EUR,1.0
2024-06,EUR,1.0
2024-07,EUR,1.0
2024-08,EUR,1.0
2024-09,EUR,1.0
2024-10,EUR,1.0
2024-11,EUR,1.0
2024-12,EUR,1.0
2025-01,EUR,1.0
2025-02,EUR,1.0
2025-03,EUR,1.0
2025-04,EUR,1.0
2025-05,EUR,1.0
2025-06,EUR,1.0
2025-07,EUR,1.0
2025-08,EUR,1.0
2025-09,EUR,1.0
2025-10,EUR,1.0
2025-11,EUR,1.0
2025-12,EUR,1.0
2026-01,EUR,1.0
2026-02,EUR,1.0
2026-03,EUR,1.0
2026-04,EUR,1.0
2026-05,EUR,1.0
2026-06,EUR,1.0
2026-07,EUR,1.0
2026-08,EUR,1.0
2026-09,EUR,1.0
2024-04,GBP,1.16191
2024-05,GBP,1.14974
2024-06,GBP,1.15269
2024-07,GBP,1.16022
2024-08,GBP,1.14849
2024-09,GBP,1.15845
2024-10,GBP,1.16323
2024-11,GBP,1.18212
2024-12,GBP,1.20686
2025-01,GBP,1.198
2025-02,GBP,1.19063
2025-03,GBP,1.17457
2025-04,GBP,1.17189
2025-05,GBP,1.14426
2025-06,GBP,1.12978
2025-07,GBP,1.14101
2025-08,GBP,1.15095
2025-09,GBP,1.16281
2025-10,GBP,1.16664
2025-11,GBP,1.1736
2025-12,GBP,1.18706
2026-01,GBP,1.1813
2026-02,GBP,1.18962
2026-03,GBP,1.20283
2026-04,GBP,1.20771
2026-05,GBP,1.20707
2026-06,GBP,1.22292
2026-07,GBP,1.18981
2026-08,GBP,1.15109
2026-09,GBP,1.14669
2024-04,CHF,1.03028
2024-05,CHF,1.05199
2024-06,CHF,1.07502
2024-07,CHF,1.07762
2024-08,CHF,1.05396
2024-09,CHF,1.03949
2024-10,CHF,1.02882
2024-11,CHF,1.02657
2024-12,CHF,1.00095
2025-01,CHF,1.01938
2025-02,CHF,1.01602
2025-03,CHF,1.01062
2025-04,CHF,1.01539
2025-05,CHF,1.01316
2025-06,CHF,0.99451
2025-07,CHF,1.01052
2025-08,CHF,1.00157
2025-09,CHF,0.99658
2025-10,CHF,1.00998
2025-11,CHF,0.99248
2025-12,CHF,0.98688
2026-01,CHF,1.00114
2026-02,CHF,1.00201
2026-03,CHF,0.98918
2026-04,CHF,0.98449
2026-05,CHF,0.97596
2026-06,CHF,0.95676
2026-07,CHF,0.93883
2026-08,CHF,0.93634
2026-09,CHF,0.91346
2024-04,SEK,0.08599
2024-05,SEK,0.08453
2024-06,SEK,0.08418
2024-07,SEK,0.08464
2024-08,SEK,0.08403
2024-09,SEK,0.08386
2024-10,SEK,0.08482
2024-11,SEK,0.08375
2024-12,SEK,0.08372
2025-01,SEK,0.08486
2025-02,SEK,0.08649
2025-03,SEK,0.08769
2025-04,SEK,0.0868
2025-05,SEK,0.08598
2025-06,SEK,0.08668
2025-07,SEK,0.08761
2025-08,SEK,0.08848
2025-09,SEK,0.08629
2025-10,SEK,0.08456
2025-11,SEK,0.08572
2025-12,SEK,0.08598
2026-01,SEK,0.08612
2026-02,SEK,0.08566
2026-03,SEK,0.08473
2026-04,SEK,0.08457
2026-05,SEK,0.08377
2026-06,SEK,0.0835
2026-07,SEK,0.08575
2026-08,SEK,0.08597
2026-09,SEK,0.08526
2024-04,DKK,0.133
2024-05,DKK,0.13278
2024-06,DKK,0.12982
2024-07,DKK,0.13067
2024-08,DKK,0.13336
2024-09,DKK,0.13412
2024-10,DKK,0.13308
2024-11,DKK,0.13211
2024-12,DKK,0.1318
2025-01,DKK,0.13195
2025-02,DKK,0.13182
2025-03,DKK,0.13231
2025-04,DKK,0.1319
2025-05,DKK,0.13351
2025-06,DKK,0.13026
2025-07,DKK,0.12831
2025-08,DKK,0.12989
2025-09,DKK,0.12925
2025-10,DKK,0.12927
2025-11,DKK,0.12855
2025-12,DKK,0.12632
2026-01,DKK,0.12676
2026-02,DKK,0.12691
2026-03,DKK,0.13119
2026-04,DKK,0.13135
2026-05,DKK,0.13342
2026-06,DKK,0.13329
2026-07,DKK,0.13542
2026-08,DKK,0.13427
2026-09,DKK,0.13239
2024-04,NOK,0.08471
2024-05,NOK,0.08403
2024-06,NOK,0.08357
2024-07,NOK,0.08245
2024-08,NOK,0.08328
2024-09,NOK,0.08019
2024-10,NOK,0.08073
2024-11,NOK,0.08042
2024-12,NOK,0.08195
2025-01,NOK,0.08179
2025-02,NOK,0.08163
2025-03,NOK,0.08267
2025-04,NOK,0.08162
2025-05,NOK,0.08155
2025-06,NOK,0.0824
2025-07,NOK,0.08254
2025-08,NOK,0.08364
2025-09,NOK,0.08301
2025-10,NOK,0.08238
2025-11,NOK,0.08311
2025-12,NOK,0.08229
2026-01,NOK,0.08157
2026-02,NOK,0.08154
2026-03,NOK,0.08199
2026-04,NOK,0.08291
2026-05,NOK,0.08286
2026-06,NOK,0.08341
2026-07,NOK,0.08493
2026-08,NOK,0.0859
2026-09,NOK,0.08567
2024-04,PLN,0.23327
2024-05,PLN,0.23841
2024-06,PLN,0.24039
2024-07,PLN,0.23988
2024-08,PLN,0.24581
2024-09,PLN,0.24984
2024-10,PLN,0.25351
2024-11,PLN,0.25242
2024-12,PLN,0.24999
2025-01,PLN,0.25371
2025-02,PLN,0.25132
2025-03,PLN,0.24666
2025-04,PLN,0.24854
2025-05,PLN,0.25339
2025-06,PLN,0.24915
2025-07,PLN,0.25402
2025-08,PLN,0.25174
2025-09,PLN,0.2531
2025-10,PLN,0.25668
2025-11,PLN,0.25656
2025-12,PLN,0.25871
2026-01,PLN,0.25776
2026-02,PLN,0.2609
2026-03,PLN,0.26555
2026-04,PLN,0.26485
2026-05,PLN,0.26296
2026-06,PLN,0.2615
2026-07,PLN,0.26302
2026-08,PLN,0.25948
2026-09,PLN,0.2613
2024-04,CZK,0.04008
2024-05,CZK,0.04027
2024-06,CZK,0.04028
2024-07,CZK,0.04063
2024-08,CZK,0.0402
2024-09,CZK,0.03894
2024-10,CZK,0.03926
2024-11,CZK,0.03865
2024-12,CZK,0.03875
2025-01,CZK,0.03824
2025-02,CZK,0.03866
2025-03,CZK,0.03833
2025-04,CZK,0.03799
2025-05,CZK,0.03836
2025-06,CZK,0.03864
2025-07,CZK,0.03896
2025-08,CZK,0.03849
2025-09,CZK,0.038
2025-10,CZK,0.0383
2025-11,CZK,0.03816
2025-12,CZK,0.03761
2026-01,CZK,0.03767
2026-02,CZK,0.03878
2026-03,CZK,0.03859
2026-04,CZK,0.0382
2026-05,CZK,0.03796
2026-06,CZK,0.03761
2026-07,CZK,0.03808
2026-08,CZK,0.03887
2026-09,CZK,0.0391
