Opp_ID,Created_On,Opp_Name,Acct_ID,Owner_Email,Business_Unit,Offering,Sales_Stage,Win_Probability,Deal_Value,Deal_Currency,Close_Date_Expected,Close_Date_Actual,Lost_Reason,Source,Last_Activity,Forecast_Category,Modified_At
OPP-002848,23/10/2025,Atlas Renewables - AI & GenAI Solutions,ACC-10539,hugo.laurent@nexora-consulting.eu,DATA_AI,AI & GenAI Solutions,Closed Lost,0,208000,EUR,13/01/2026,30/11/2025,,Existing Customer (Upsell),30/11/2025,Omitted,30/11/2025 17:00
OPP-002859,25/10/2025,Brightwater Assurance - Data Platform Modernisation,ACC-10410,elena.bianchi@nexora-consulting.eu,DATA_AI,Data Platform Modernisation,Stage 0: Closed Lost,0.0,521000,EUR,27/02/2026,16/03/2026,No Budget,Outbound - SDR,16/03/2026,Omitted,16/03/2026 18:59
OPP-002867,26/10/2025,Iberia Power - Managed SOC,ACC-10076,david.moreau@nexora-consulting.eu,CYBER,Managed SOC,Closed Won,100,469000,EUR,29/03/2026,21/05/2026,,AWS/Azure Co-sell,21/05/2026,Closed,21/05/2026 17:00
OPP-002785,12.10.2025,Novara Industries - Data Platform Modernisation,ACC-10342,katarzyna.nowak@nexora-consulting.eu,DATA_AI,Data Platform Modernisation,Stage 0: Closed Lost,0.0,561000,PLN,30/01/2026,02/11/2025,No Decision / Stalled,Existing Customer (Upsell),02/11/2025,Omitted,02/11/2025 21:13
OPP-002862,25/10/2025,Gallway Retail - AI & GenAI Solutions,ACC-10280,hugo.laurent@nexora-consulting.eu,DATA_AI,AI & GenAI Solutions,Closed Lost,0.0,615500,EUR,04/03/2026,21/12/2025,Not a Fit,Existing Customer (Upsell),21/12/2025,Omitted,21/12/2025 17:00
OPP-002769,09/10/2025,Olympia Media - Security Assessment,ACC-10219,jan.kowalski@nexora-consulting.eu,CYBER,Security Assessment,Closed Won,100,114900,PLN,28/01/2026,02/02/2026,,Outbound,02/02/2026,Closed,02/02/2026 21:02
OPP-002782,11/10/2025,Baltica Precision - Managed SOC,ACC-10275,sara.andersson@nexora-consulting.eu,CYBER,Managed SOC,Closed Won,100,6124100,nok,10/11/2025,04/02/2026,,Existing Customer (Upsell),04/02/2026,Closed,04/02/2026 21:09
OPP-002728,04/10/2025,Baltica Precision - DevOps & Platform Engineering,ACC-10275,freja.nielsen@nexora-consulting.eu,CLOUD,DevOps & Platform Engineering,Stage 0: Closed Lost,0,"1,280,700.00",NOK,02/01/2026,07/12/2025,No Budget,Event / Webinar,07/12/2025,Omitted,07/12/2025 17:00
OPP-002775,11/10/2025,Riviera Power - SAP S/4HANA Implementation,ACC-10327,julia.hoffmann@nexora-consulting.eu,ERP_APPS,SAP S/4HANA Implementation,Stage 5: Closed Won (100%),100,1135700,CHF,14/12/2025,09/02/2026,,Upsell,09/02/2026,Closed,09/02/2026 17:00
OPP-002819,18/10/2025,Juniper Biotech - DevOps & Platform Engineering,ACC-10470,pieter.janssens@nexora-consulting.eu,CLOUD,DevOps & Platform Engineering,Stage 0: Closed Lost,0.0,91000,EUR,16/03/2026,19/12/2025,Budget,Referral,19/12/2025,Omitted,19/12/2025 17:00
OPP-002747,07/10/2025,Alpenkraft Telecom - Data Platform Modernisation,ACC-10083,emma.devries@nexora-consulting.eu,DATA_AI,Data Platform Modernisation,Stage 0: Closed Lost,0.0,513000,EUR,10/01/2026,25/12/2025,Timing / Postponed,Hyperscaler Co-sell,25/12/2025,Omitted,25/12/2025 17:00
OPP-002845,22/10/2025,Gallway Retail - Salesforce Implementation,ACC-10280,camille.bernard@nexora-consulting.eu,ERP_APPS,Salesforce Implementation,Stage 5: Closed Won (100%),1.0,573500,EUR,22/02/2026,15/03/2026,,Webinar,15/03/2026,Closed,15/03/2026 18:50
OPP-002856,2025-10-24,Castellan Networks - Managed SOC,ACC-10330,FELIX.WAGNER@NEXORA-CONSULTING.EU,CYBER,Managed SOC,Closed Won,100,167000,EUR,17/01/2026,10/02/2026,,Hyperscaler Co-sell,10/02/2026,Closed,10/02/2026 17:00
OPP-002763,09/10/2025,Juniper Connect - AI & GenAI Solutions,ACC-10028,emma.devries@nexora-consulting.eu,DATA_AI,AI & GenAI Solutions,Stage 0: Closed Lost,0.0,332000,EUR,30/11/2025,16/04/2026,Timing / Postponed,Inbound,16/04/2026,Omitted,16/04/2026 19:13
OPP-002884,28/10/2025,Castellan Telecom - Data Platform Modernisation,ACC-10071,mikael.lindqvist@nexora-consulting.eu,DATA_AI,Data Platform Modernisation,Stage 0: Closed Lost,0,1969000,SEK,20/01/2026,16/12/2025,Budget,Upsell,16/12/2025,Omitted,16/12/2025 17:00
OPP-002738,05/10/2025,Umbria Institute - Security Assessment,ACC-10452,felix.wagner@nexora-consulting.eu,CYBER,Security Assessment,Stage 0: Closed Lost,0.0,"15,500.00",,17/11/2025,06/02/2026,Timing / Postponed,Existing Customer (Upsell),06/02/2026,Omitted,06/02/2026 17:00
OPP-002863,25/10/2025,Olympia Power - SAP S/4HANA Implementation,ACC-10132,julia.hoffmann@nexora-consulting.eu,ERP_APPS,SAP S/4HANA Implementation,Closed Lost,0.0,356000,EUR,22/03/2026,13/11/2025,No Decision / Stalled,Event / Webinar,13/11/2025,Omitted,13/11/2025 17:00
OPP-002851,23/10/2025,Juniper Retail - Security Assessment,ACC-10197,david.moreau@nexora-consulting.eu,CYBER,Security Assessment,Stage 0: Closed Lost,0,91 500,EUR,10/02/2026,11/12/2025,no budget,Partner Referral,11/12/2025,Omitted,11/12/2025 17:00
OPP-002889,29/10/2025,Orion Precision - SAP S/4HANA Implementation,ACC-10173,paolo.conti@nexora-consulting.eu,ERP_APPS,SAP S/4HANA Implementation,Closed Lost,0,1425000,EUR,19/04/2026,27/01/2026,No Budget,Existing Customer (Upsell),27/01/2026,Omitted,27/01/2026 20:43
OPP-002871,26/10/2025,Isola Stores - Cloud Migration,ACC-10545,lukas.schneider@nexora-consulting.eu,CLOUD,Cloud Migration,Stage 0: Closed Lost,0,111000,EUR,01/04/2026,2026-01-15,Stalled,Hyperscaler Co-sell,15/01/2026,Omitted,15/01/2026 17:00
OPP-002801,14/10/2025,Marisol Energy - Managed SOC,ACC-10708,sara.andersson@nexora-consulting.eu,CYBER,Managed SOC,Stage 5: Closed Won (100%),100,3287600,SEK,13/01/2026,04/04/2026,,Existing Customer (Upsell),04/04/2026,Closed,04/04/2026 17:00
OPP-002734,05/10/2025,Jadeport Industries - Managed Cloud Services,ACC-10635,chloe.martin@nexora-consulting.eu,CLOUD,Managed Cloud Services,Stage 0: Closed Lost,0,343000,eur,19/01/2026,29/11/2025,Not qualified,Upsell,29/11/2025,Pipeline,29/11/2025 18:33
OPP-002840,21/10/2025,Bergmann Media - SAP S/4HANA Implementation,ACC-10169,grace.thompson@nexora-consulting.eu,ERP_APPS,SAP S/4HANA Implementation,Stage 0: Closed Lost,0,"£571,700",GBP,28/04/2026,01/11/2025,No Decision / Stalled,Event / Webinar,01/11/2025,Omitted,01/11/2025 20:00
OPP-002855,24/10/2025,Cygnus Utilities - SAP S/4HANA Implementation,ACC-10382,sven.johansson@nexora-consulting.eu,ERP_APPS,SAP S/4HANA Implementation,Stage 5: Closed Won (100%),1.0,1238500,EUR,26/02/2026,14/07/2026,,Upsell,14/07/2026,Closed,14/07/2026 17:00
OPP-002779,11/10/2025,Vektor Finance - Data Platform Modernisation,ACC-10392,hugo.laurent@nexora-consulting.eu,DATA_AI,Data Platform Modernisation,Stage 0: Closed Lost,0,"314,000.00",EUR,20/03/2026,26/10/2025,No Budget,Existing Customer (Upsell),26/10/2025,Omitted,26/10/2025 17:00
OPP-002812,17/10/2025,Gallway Assurance - Application Support,ACC-10505,grace.thompson@nexora-consulting.eu,ERP_APPS,Application Support,Closed Lost,0,135900,GBP,06/02/2026,10/03/2026,,Existing Customer (Upsell),10/03/2026,Omitted,10/03/2026 17:00
OPP-002768,09/10/2025,Arcadia Industries - DevOps & Platform Engineering,ACC-10623,tomas.novak@nexora-consulting.eu,CLOUD,DevOps & Platform Engineering,Stage 0: Closed Lost,0,740200,PLN,23/05/2026,16/02/2026,,Hyperscaler Co-sell,16/02/2026,Omitted,16/02/2026 17:00
OPP-002811,17/10/2025,Pionier Pharma - Salesforce Implementation,ACC-10653,sven.johansson@nexora-consulting.eu,ERP_APPS,Salesforce Implementation,Stage 5: Closed Won (100%),100,786400,SEK,12/12/2025,2026-02-19,,Outbound - SDR,19/02/2026,Closed,19/02/2026 17:00
OPP-002796,14/10/2025,Granite Finance - SAP S/4HANA Implementation,ACC-10655,julia.hoffmann@nexora-consulting.eu,ERP_APPS,SAP S/4HANA Implementation,Stage 0: Closed Lost,0.0,340000,EUR,22/04/2026,21/02/2026,lost to competitor,Existing Customer (Upsell),21/02/2026,Omitted,21/02/2026 17:00
OPP-002877,27/10/2025,Zephyr Assurance - SAP S/4HANA Implementation,ACC-10339,julia.hoffmann@nexora-consulting.eu,ERP_APPS,SAP S/4HANA Implementation,Stage 0: Closed Lost,0,"€1,214,500",EUR,03/03/2026,30/01/2026,Timing,Upsell,30/01/2026,Omitted,30/01/2026 17:00
OPP-002754,08/10/2025,Karlsson Automotive - Cloud Migration,ACC-10619,mateo.lopez@nexora-consulting.eu,CLOUD,Cloud Migration,Stage 0: Closed Lost,0,203000,eur,19/03/2026,18/11/2025,No Decision / Stalled,Upsell,18/11/2025,Omitted,18/11/2025 17:00
OPP-002760,08/10/2025,Harbour Broadcast - Analytics & BI,ACC-10162,emma.devries@nexora-consulting.eu,DATA_AI,Analytics & BI,Stage 0: Closed Lost,0,66500,EUR,12/02/2026,20/01/2026,Not a Fit,Existing Customer (Upsell),20/01/2026,Omitted,20/01/2026 17:33
OPP-002718,02/10/2025,Kronberg Logistics - Application Support,ACC-10651,grace.thompson@nexora-consulting.eu,ERP_APPS,Application Support,Stage 0: Closed Lost,0,678400,GBP,19/03/2026,02/05/2026,Timing,Existing Customer (Upsell),02/05/2026,Best Case,02/05/2026 17:00
OPP-002883,2025-10-28,Riviera Finance - Identity & Access Management,ACC-10120,sara.andersson@nexora-consulting.eu,CYBER,Identity & Access Management,Stage 0: Closed Lost,0,121500,EUR,08/05/2026,20/12/2025,Budget,Outbound - SDR,20/12/2025,Omitted,20/12/2025 17:00
OPP-002894,29/10/2025,Fjordline Retail - Analytics & BI,ACC-10716,elena.bianchi@nexora-consulting.eu,DATA_AI,Analytics & BI,Stage 0: Closed Lost,0,147000,eur,10/03/2026,25/11/2025,,Inbound - Website,25/11/2025,Omitted,25/11/2025 17:00
OPP-002771,10/10/2025,Iberia Pharma - Cloud Migration,ACC-10051,lukas.schneider@nexora-consulting.eu,CLOUD,Cloud Migration,Stage 3: Proposal (75-90%),75,286500,EUR,16/02/2026,,,Existing Customer,24/02/2026,Pipeline,22/02/2026 12:34
OPP-002722,03/10/2025,Tamsin Finance - Application Support,ACC-10224,grace.thompson@nexora-consulting.eu,ERP_APPS,Application Support,Stage 0: Closed Lost,0,"62,600.00",GBP,03/02/2026,06/10/2025,,Existing Customer (Upsell),06/10/2025,Omitted,06/10/2025 22:53
OPP-002788,13/10/2025,Iberia Power - Data Platform Modernisation,ACC-10076,hugo.laurent@nexora-consulting.eu,DATA_AI,Data Platform Modernisation,Stage 0: Closed Lost,0.0,300500,EUR,14/03/2026,11/11/2025,No Decision / Stalled,Event / Webinar,11/11/2025,Pipeline,11/11/2025 17:03
OPP-002786,12/10/2025,Lindholm Motorenwerk - Cloud Migration,ACC-10218,pieter.janssens@nexora-consulting.eu,CLOUD,Cloud Migration,Closed Lost,0,130 500,EUR,02/04/2026,07/01/2026,Price,Hyperscaler Co-sell,07/01/2026,Pipeline,07/01/2026 17:00
OPP-002868,26/10/2025,Granite Authority - Application Support,ACC-10094,grace.thompson@nexora-consulting.eu,ERP_APPS,Application Support,Stage 0: Closed Lost,0,259300,GBP,01/01/2026,07/02/2026,lost to competitor,Inbound - Website,07/02/2026,Omitted,07/02/2026 17:00
OPP-002904,2025-10-31,Riviera Shipping - Application Support,ACC-10228,julia.hoffmann@nexora-consulting.eu,ERP_APPS,Application Support,Stage 5: Closed Won (100%),100,189500.00,EUR,07/03/2026,27/12/2025,,Hyperscaler Co-sell,27/12/2025,Closed,27/12/2025 17:00
OPP-002879,28/10/2025,Kronberg Consumer - Security Assessment,ACC-10010,tom.barker@nexora-consulting.eu,CYBER,Security Assessment,Stage 0: Closed Lost,0.0,"£28,700",GBP,22/04/2026,08/12/2025,Stalled,Event / Webinar,08/12/2025,Omitted,08/12/2025 17:00
OPP-002893,29/10/2025,Gallway Renewables - DevOps & Platform Engineering,ACC-10678,pieter.janssens@nexora-consulting.eu,CLOUD,DevOps & Platform Engineering,Stage 5: Closed Won (100%),1.0,"156,000.00",EUR,2026-04-18,03/12/2025,,Existing Customer,2025-12-03,Closed,03/12/2025 17:00
OPP-002841,21/10/2025,Quadra Finance - Application Support,ACC-10412,grace.thompson@nexora-consulting.eu,ERP_APPS,Application Support,Stage 0: Closed Lost,0.0,214700,GBP,14/01/2026,12/12/2025,No Budget,Existing Customer (Upsell),12/12/2025,Omitted,12/12/2025 17:00
OPP-002837,20/10/2025,Noord Authority - Identity & Access Management,ACC-10427,tom.barker@nexora-consulting.eu,CYBER,Identity & Access Management,Stage 5: Closed Won (100%),1.0,107100,GBP,12/01/2026,13/04/2026,,Outbound - SDR,13/04/2026,Closed,13/04/2026 21:24
OPP-002752,08/10/2025,Nordwind Stores - DevOps & Platform Engineering,ACC-10058,chloe.martin@nexora-consulting.eu,CLOUD,DevOps & Platform Engineering,Stage 5: Closed Won (100%),1.0,38000,EUR,11/02/2026,08/07/2026,,Event / Webinar,08/07/2026,Closed,08/07/2026 17:00
OPP-002905,31/10/2025,Danubia Assurance - Managed SOC,ACC-10365,felix.wagner@nexora-consulting.eu,CYBER,Managed SOC,Stage 0: Closed Lost,0,1223500,EUR,29/03/2026,31/01/2026,Timing / Postponed,Event / Webinar,31.01.2026,Omitted,31/01/2026 21:50
OPP-002831,2025-10-20,Oakridge Bank - AI & GenAI Solutions,ACC-10023,hugo.laurent@nexora-consulting.eu,DATA_AI,AI & GenAI Solutions,Stage 0: Closed Lost,0.0,253 000,eur,27/04/2026,08/11/2025,Not a Fit,Outbound - SDR,08/11/2025,Best Case,08/11/2025 17:00
OPP-002716,02/10/2025,Helvetia Utilities - DevOps & Platform Engineering,ACC-10554,pieter.janssens@nexora-consulting.eu,CLOUD,DevOps & Platform Engineering,Stage 0: Closed Lost,0,163000,€,08/05/2026,18/12/2025,no budget,Existing Customer (Upsell),18/12/2025,Omitted,18/12/2025 17:00
OPP-002821,18.10.2025,Cygnus Logistics - Managed Cloud Services,ACC-10227,tomas.novak@nexora-consulting.eu,CLOUD,Managed Cloud Services,Stage 0: Closed Lost,0,"148,000.00",EUR,14/01/2026,11/12/2025,Not a Fit,Referral,11/12/2025,Omitted,11/12/2025 17:00
OPP-002737,05/10/2025,Elbe Stores - Managed SOC,ACC-10138,isabel.ferreira@nexora-consulting.eu,CYBER,Managed SOC,Closed Lost,0,218500,EUR,17/12/2025,09/12/2025,No Budget,Partner Referral,09/12/2025,Omitted,09/12/2025 17:00
OPP-002745,07/10/2025,Oakridge Bank - Managed Cloud Services,ACC-10023,chloe.martin@nexora-consulting.eu,CLOUD,Managed Cloud Services,Stage 5: Closed Won (100%),1.0,950000,eur,17/02/2026,23/01/2026,,Existing Customer (Upsell),23/01/2026,Best Case,23/01/2026 17:00
OPP-002797,14/10/2025,Quadra Finance - Analytics & BI,ACC-10412,ethan.clarke@nexora-consulting.eu,DATA_AI,Analytics & BI,Stage 0: Closed Lost,0.0,227100,GBP,04/03/2026,05/03/2026,Scope Reduced / In-house,Inbound - Website,05/03/2026,Best Case,05/03/2026 17:00
OPP-002730,05/10/2025,Valora Motorenwerk - DevOps & Platform Engineering,ACC-10395,tomas.novak@nexora-consulting.eu,CLOUD,DevOps & Platform Engineering,Stage 0: Closed Lost,0,4373400,CZK,08/03/2026,27/10/2025,No fit,Existing Customer (Upsell),27/10/2025,Omitted,27/10/2025 17:00
OPP-002725,04/10/2025,Valora Freight - Identity & Access Management,ACC-10089,isabel.ferreira@nexora-consulting.eu,CYBER,Identity & Access Management,Stage 0: Closed Lost,0,126500,EUR,08/05/2026,11/11/2025,No Decision / Stalled,Inbound,11/11/2025,Omitted,11/11/2025 20:23
OPP-002749,07/10/2025,Novara Institute - AI & GenAI Solutions,ACC-10722,hugo.laurent@nexora-consulting.eu,DATA_AI,AI & GenAI Solutions,Stage 0: Closed Lost,0.0,161500,EUR,03/05/2026,08/03/2026,Budget,Event,08.03.2026,Omitted,08/03/2026 17:00
OPP-002756,08/10/2025,Vistula Consumer - Security Assessment,ACC-10299,tom.barker@nexora-consulting.eu,CYBER,Security Assessment,Stage 0: Closed Lost,0,55700,,11/02/2026,02/07/2026,,Existing Customer,2026-07-02,Omitted,02/07/2026 17:00
OPP-002818,17/10/2025,Estrella Assurance - Data Platform Modernisation,ACC-10473,katarzyna.nowak@nexora-consulting.eu,DATA_AI,Data Platform Modernisation,Stage 0: Closed Lost,0,683700,PLN,10/03/2026,16/11/2025,No Decision / Stalled,Inbound - Website,16/11/2025,Omitted,16/11/2025 17:00
OPP-002772,10/10/2025,Dunmore Automotive - Analytics & BI,ACC-10316,ethan.clarke@nexora-consulting.eu,DATA_AI,Analytics & BI,Closed Won,1.0,45400,GBP,13/03/2026,28/03/2026,,Inbound,28/03/2026,Closed,28/03/2026 17:00
OPP-002712,02/10/2025,Corvina Logistics - Managed SOC,ACC-10148,tom.barker@nexora-consulting.eu,CYBER,Managed SOC,Closed Lost,0,219400,GBP,02/12/2025,08/12/2025,Not a Fit,Partner,08/12/2025,Omitted,08/12/2025 17:00
OPP-002736,05/10/2025,Kronberg Logistics - Analytics & BI,ACC-10651,ethan.clarke@nexora-consulting.eu,DATA_AI,Analytics & BI,Stage 0: Closed Lost,0.0,56100,GBP,2026-04-05,07/11/2025,Timing / Postponed,Existing Customer (Upsell),07/11/2025,Omitted,07/11/2025 17:00
OPP-002732,05/10/2025,Borealis Clinics - AI & GenAI Solutions,ACC-10397,emma.devries@nexora-consulting.eu,DATA_AI,AI & GenAI Solutions,Stage 0: Closed Lost,0.0,334500,EUR,14/03/2026,22/12/2025,Not a Fit,Partner Referral,22.12.2025,Omitted,22/12/2025 17:00
OPP-002750,08/10/2025,Nordwind Utilities - Cloud Migration,ACC-10553,pieter.janssens@nexora-consulting.eu,CLOUD,Cloud Migration,Stage 0: Closed Lost,0,82000,EUR,28/02/2026,17.11.2025,Not a Fit,AWS/Azure Co-sell,17/11/2025,Omitted,17/11/2025 17:00
OPP-002806,15/10/2025,Castellan Energy - Data Platform Modernisation,ACC-10675,hugo.laurent@nexora-consulting.eu,DATA_AI,Data Platform Modernisation,Closed Lost,0.0,529000,EUR,28/01/2026,29/11/2025,Stalled,Existing Customer (Upsell),29/11/2025,Omitted,29/11/2025 17:00
OPP-002784,2025-10-12,Oakridge Freight - Security Assessment,ACC-10667,sara.andersson@nexora-consulting.eu,CYBER,Security Assessment,Stage 5: Closed Won (100%),100,595700,DKK,01/01/2026,30.03.2026,,Event / Webinar,30/03/2026,Closed,30/03/2026 17:00
OPP-002758,08/10/2025,Danubia Power - AI & GenAI Solutions,ACC-10641,anna.muller@nexora-consulting.eu,DATA_AI,AI & GenAI Solutions,Stage 0: Closed Lost,0.0,227000,EUR,18/01/2026,04/11/2025,No Decision / Stalled,Existing Customer (Upsell),04/11/2025,Omitted,04/11/2025 17:00
OPP-002707,01/10/2025,Borealis Connect - Cloud Migration,ACC-10129,pieter.janssens@nexora-consulting.eu,CLOUD,Cloud Migration,Stage 0: Closed Lost,0.0,"€153,500",EUR,2026-04-15,27/12/2025,No Decision / Stalled,Hyperscaler Co-sell,27/12/2025,Omitted,27/12/2025 17:00
OPP-002816,17/10/2025,Oakridge Institute - Security Assessment,ACC-10624,sara.andersson@nexora-consulting.eu,CYBER,Security Assessment,Stage 0: Closed Lost,0,12500,EUR,12/12/2025,05/02/2026,PRICE,Hyperscaler Co-sell,05.02.2026,Omitted,05/02/2026 19:52
OPP-002802,15/10/2025,Meridian Biotech - AI & GenAI Solutions,ACC-10532,ethan.clarke@nexora-consulting.eu,DATA_AI,AI & GenAI Solutions,Closed Lost,0,"15,400.00",GBP,03/02/2026,30/01/2026,No Decision / Stalled,Existing Customer (Upsell),30/01/2026,Omitted,30/01/2026 17:00
OPP-002903,31/10/2025,Invicta Logistics - Application Support,ACC-10657,grace.thompson@nexora-consulting.eu,ERP_APPS,Application Support,Closed Lost,0.0,28 650 000,EUR,19/01/2026,17/11/2025,No decision,Existing Customer (Upsell),17/11/2025,Omitted,17/11/2025 17:00
OPP-002808,16/10/2025,Jadeport Logistics - Analytics & BI,ACC-10501,emma.devries@nexora-consulting.eu,DATA_AI,,Stage 0: Closed Lost,0.0,320500,EUR,26/12/2025,08/03/2026,No Budget,Existing Customer (Upsell),08/03/2026,Omitted,08/03/2026 17:00
OPP-002746,07/10/2025,Zephyr Energy - SAP S/4HANA Implementation,ACC-10696,paolo.conti@nexora-consulting.eu,ERP_APPS,SAP S/4HANA Implementation,Stage 0: Closed Lost,0.0,"146,000.00",EUR,14/01/2026,24/11/2025,No Decision / Stalled,Hyperscaler Co-sell,24/11/2025,Omitted,24/11/2025 17:00
OPP-002846,22/10/2025,Invicta Logistics - Data Platform Modernisation,ACC-10657,ethan.clarke@nexora-consulting.eu,DATA_AI,,Stage 5: Closed Won (100%),1.0,1032500,GBP,04/03/2026,30/12/2025,,Hyperscaler Co-sell,30/12/2025,Closed,30/12/2025 17:00
OPP-002742,06/10/2025,Quadra Industries - Managed SOC,ACC-10086,felix.wagner@nexora-consulting.eu,CYBER,Managed SOC,Closed Won,1.0,351000,EUR,26/12/2025,19/01/2026,,Co-sell,19/01/2026,Closed,19/01/2026 17:00
OPP-002887,28/10/2025,Noord Assurance - Salesforce Implementation,ACC-10488,lena.fischer@nexora-consulting.eu,ERP_APPS,Salesforce Implementation,Stage 0: Closed Lost,0.0,450000,PLN,29/03/2026,04/05/2026,No Decision / Stalled,Existing Customer,04/05/2026,Omitted,04/05/2026 17:00
OPP-002861,25/10/2025,Isola Motorenwerk - Salesforce Implementation,ACC-10180,paolo.conti@nexora-consulting.eu,ERP_APPS,Salesforce Implementation,Stage 5: Closed Won (100%),100,"105,000.00",EUR,20/05/2026,15/02/2026,,Hyperscaler Co-sell,15/02/2026,Closed,15/02/2026 17:00
OPP-002774,10/10/2025,Rhein Medical - DevOps & Platform Engineering,ACC-10378,pieter.janssens@nexora-consulting.eu,CLOUD,DevOps & Platform Engineering,Stage 2: Solution Design (50-75%),70,43500,EUR,26/01/2026,,,Partner Referral,15/09/2026,Pipeline,15/09/2026 05:00
OPP-002835,20.10.2025,Juniper Industries - AI & GenAI Solutions,ACC-10557,katarzyna.nowak@nexora-consulting.eu,DATA_AI,AI & GenAI Solutions,Closed Lost,0,1295400,pln,12/03/2026,01/01/2026,No Decision / Stalled,Existing Customer (Upsell),01/01/2026,Omitted,01/01/2026 17:00
OPP-002860,25/10/2025,Saxon Precision - Security Assessment,ACC-10156,felix.wagner@nexora-consulting.eu,CYBER,Security Assessment,Stage 0: Closed Lost,0.0,33200,CHF,09/02/2026,14/03/2026,lost to competitor,Existing Customer (Upsell),14/03/2026,Omitted,14/03/2026 17:00
OPP-002822,18/10/2025,Kestrel Medical - Managed SOC,ACC-10210,sara.andersson@nexora-consulting.eu,CYBER,Managed SOC,Stage 0: Closed Lost,0.0,143500,EUR,27/03/2026,09/12/2025,No Decision / Stalled,Outbound - SDR,09/12/2025,Omitted,09/12/2025 17:00
OPP-002897,30/10/2025,Castellan Grid - Analytics & BI,ACC-10568,emma.devries@nexora-consulting.eu,DATA_AI,Analytics & BI,Stage 4: Negotiation (90-100%),90,50000,EUR,17/11/2026,,,Existing Customer (Upsell),08/09/2026,Commit,11/09/2026 08:42
OPP-002873,26/10/2025,Juniper Medical - DevOps & Platform Engineering,ACC-10145,pieter.janssens@nexora-consulting.eu,CLOUD,DevOps & Platform Engineering,Stage 0: Closed Lost,0.0,22000.00,EUR,10/05/2026,11/12/2025,Not a Fit,Co-sell,11/12/2025,Omitted,11/12/2025 17:00
OPP-002708,01/10/2025,Noord Authority - DevOps & Platform Engineering,ACC-10427,oliver.hughes@nexora-consulting.eu,CLOUD,DevOps & Platform Engineering,Stage 0: Closed Lost,0.0,112700,GBP,23/04/2026,02/12/2025,Not a Fit,Website,02/12/2025,Omitted,02/12/2025 17:00
OPP-002864,26/10/2025,Tamsin Precision - AI & GenAI Solutions,ACC-10126,hugo.laurent@nexora-consulting.eu,DATA_AI,AI & GenAI Solutions,Stage 5: Closed Won (100%),100,148500,eur,2026-02-22,19/04/2026,,Existing Customer (Upsell),19/04/2026,Closed,19/04/2026 20:00
OPP-002740,06/10/2025,Saxon Biotech - Analytics & BI,ACC-10282,mikael.lindqvist@nexora-consulting.eu,DATA_AI,Analytics & BI,Stage 0: Closed Lost,0.0,123500,EUR,05/11/2025,02/11/2025,No Decision / Stalled,Outbound - SDR,02/11/2025,Omitted,02/11/2025 17:00
OPP-002813,17/10/2025,Tamsin Agency - Salesforce Implementation,ACC-10703,paolo.conti@nexora-consulting.eu,ERP_APPS,Salesforce Implementation,Closed Lost,0.0,127500,EUR,2026-02-02,27/07/2026,Lost to Competitor,Inbound,27/07/2026,Omitted,27/07/2026 17:00
OPP-002842,22/10/2025,Isola Renewables - Identity & Access Management,ACC-10643,sara.andersson@nexora-consulting.eu,CYBER,Identity & Access Management,Stage 0: Closed Lost,0.0,"243,700.00",DKK,04/03/2026,2026-02-02,No Decision / Stalled,Inbound,02/02/2026,Omitted,02/02/2026 17:47
OPP-002790,13/10/2025,Aurora Invest - Data Platform Modernisation,ACC-10662,ethan.clarke@nexora-consulting.eu,DATA_AI,Data Platform Modernisation,Stage 0: Closed Lost,0.0,372900,GBP,09/03/2026,17/11/2025,No decision,Event / Webinar,17/11/2025,Omitted,17/11/2025 17:00
OPP-002901,31/10/2025,Moselle Capital - Cloud Migration,ACC-10609,pieter.janssens@nexora-consulting.eu,CLOUD,Cloud Migration,Closed Lost,0.0,59500,,29.03.2026,19/03/2026,Price,Existing Customer (Upsell),19/03/2026,Omitted,19/03/2026 18:59
OPP-002783,12/10/2025,Kronberg Consumer - Security Assessment,ACC-10010,tom.barker@nexora-consulting.eu,CYBER,Security Assessment,Stage 5: Closed Won (100%),1.0,14100,GBP,07/12/2025,01/12/2025,,Inbound - Website,01/12/2025,Closed,01/12/2025 17:30
OPP-002715,02/10/2025,Riviera Capital - Managed SOC,ACC-10103,isabel.ferreira@nexora-consulting.eu,CYBER,Managed SOC,Stage 0: Closed Lost,0,233000.00,eur,04/04/2026,08/11/2025,No Decision / Stalled,Event / Webinar,08/11/2025,Omitted,08/11/2025 17:00
OPP-002776,2025-10-11,Lindholm Motorenwerk - Cloud Migration,ACC-10218,pieter.janssens@nexora-consulting.eu,CLOUD,Cloud Migration,Stage 5: Closed Won (100%),1.0,83000,€,10/03/2026,,,Hyperscaler Co-sell,22/02/2026,Closed,22/02/2026 23:38
OPP-002899,30/10/2025,Oakridge Bank - Security Assessment,ACC-10023,david.moreau@nexora-consulting.eu,CYBER,Security Assessment,Closed Lost,0.0,60000,EUR,14/06/2026,03/05/2026,Timing,Existing Customer (Upsell),03/05/2026,Commit,03/05/2026 17:00
OPP-002807,16/10/2025,Novara Power - Analytics & BI,ACC-10246,emma.devries@nexora-consulting.eu,DATA_AI,Analytics & BI,Stage 0: Closed Lost,0.0,34500,EUR,17.01.2026,25/05/2026,Not a Fit,Hyperscaler Co-sell,25/05/2026,Omitted,25/05/2026 17:00
OPP-002880,28/10/2025,Granite Invest - Cloud Migration,ACC-10691,oliver.hughes@nexora-consulting.eu,CLOUD,Cloud Migration,Stage 5: Closed Won (100%),1.0,408900,GBP,19/04/2026,05/02/2026,,Co-sell,05/02/2026,Closed,05/02/2026 20:07
OPP-002773,10/10/2025,Granite Public Services - SAP S/4HANA Implementation,ACC-10614,SVEN.JOHANSSON@NEXORA-CONSULTING.EU,ERP_APPS,SAP S/4HANA Implementation,Stage 0: Closed Lost,0,"DKK 6,273,700",DKK,25/03/2026,31/10/2025,Not a Fit,Outbound - SDR,2025-10-31,Omitted,31/10/2025 17:00
OPP-002751,08/10/2025,Bergmann Logistics - SAP S/4HANA Implementation,ACC-10533,julia.hoffmann@nexora-consulting.eu,ERP_APPS,SAP S/4HANA Implementation,Stage 0: Closed Lost,0,"€342,500",EUR,21/12/2025,23/12/2025,No Decision / Stalled,Existing Customer (Upsell),23/12/2025,Omitted,23/12/2025 17:41
OPP-002873,2025-10-26,Juniper Medical - DevOps & Platform Engineering,ACC-10145,pieter.janssens@nexora-consulting.eu,CLOUD,DevOps & Platform Engineering,Stage 2: Solution Design (50-75%),0.7,22000,EUR,10/05/2026,,,Hyperscaler Co-sell,11/12/2025,Pipeline,07/12/2025 10:41
OPP-002902,31/10/2025,Jadeport Logistics - AI & GenAI Solutions,ACC-10501,EMMA.DEVRIES@NEXORA-CONSULTING.EU,DATA_AI,AI & GenAI Solutions,Stage 5: Closed Won (100%),100,"€375,000",EUR,13/02/2026,08/02/2026,,Partner Referral,08/02/2026,Closed,08/02/2026 17:00
OPP-002741,06/10/2025,Noord Components - Identity & Access Management,ACC-10460,JAN.KOWALSKI@NEXORA-CONSULTING.EU,CYBER,Identity & Access Management,Stage 5: Closed Won (100%),1.0,570700,PLN,19/04/2026,29/05/2026,,Existing Customer (Upsell),29/05/2026,Closed,29/05/2026 19:36
OPP-002881,28/10/2025,Gallway Agency - Salesforce Implementation,ACC-10003,camille.bernard@nexora-consulting.eu,ERP_APPS,Salesforce Implementation,Closed Lost,0.0,107000,EUR,02/05/2026,26/01/2026,No Budget,Hyperscaler Co-sell,26/01/2026,Omitted,26/01/2026 17:00
OPP-002719,02/10/2025,Vektor Shipping - Identity & Access Management,ACC-10306,david.moreau@nexora-consulting.eu,CYBER,Identity & Access Management,Stage 0: Closed Lost,0,131000,EUR,19/01/2026,31/03/2026,Timing / Postponed,Existing Customer,31/03/2026,Omitted,31/03/2026 17:00
OPP-002720,03/10/2025,Gallway Connect - Cloud Migration,ACC-10525,freja.nielsen@nexora-consulting.eu,CLOUD,Cloud Migration,Stage 5: Closed Won (100%),1.0,684600,DKK,10/01/2026,06/02/2026,,Partner,06/02/2026,Closed,06/02/2026 17:00
OPP-002753,08/10/2025,Karlsson Freight - DevOps & Platform Engineering,ACC-10676,pieter.janssens@nexora-consulting.eu,CLOUD,DevOps & Platform Engineering,Stage 5: Closed Won (100%),100,"€31,000",EUR,2026-02-22,09/01/2026,,Partner Referral,09/01/2026,Closed,09/01/2026 17:00
OPP-002762,09/10/2025,Gallway Retail - SAP S/4HANA Implementation,ACC-10280,camille.bernard@nexora-consulting.eu,ERP_APPS,SAP S/4HANA Implementation,Stage 0: Closed Lost,0,605500,EUR,17/01/2026,10/11/2025,Not qualified,Existing Customer,10/11/2025,Omitted,10/11/2025 17:00
OPP-002810,17/10/2025,Fontaine Finance - Analytics & BI,ACC-10300,mikael.lindqvist@nexora-consulting.eu,DATA_AI,Analytics & BI,Stage 5: Closed Won (100%),100,946800,NOK,06/02/2026,15/02/2026,,Inbound - Website,15/02/2026,Pipeline,15/02/2026 17:00
OPP-002748,07/10/2025,Fjordline Clinics - SAP S/4HANA Implementation,ACC-10467,grace.thompson@nexora-consulting.eu,ERP_APPS,SAP S/4HANA Implementation,Stage 0: Closed Lost,0.0,732000,GBP,01/02/2026,2026-01-18,,Outbound - SDR,18/01/2026,Pipeline,18/01/2026 20:55
OPP-002771,10/10/2025,Iberia Pharma - Cloud Migration,ACC-10051,lukas.schneider@nexora-consulting.eu,CLOUD,Cloud Migration,Closed Lost,0.0,286500,EUR,16/02/2026,24/02/2026,,Existing Customer (Upsell),24/02/2026,Omitted,24/02/2026 17:00
OPP-002723,2025-10-04,Noord Media - Managed SOC,ACC-10535,isabel.ferreira@nexora-consulting.eu,CYBER,Managed SOC,Stage 0: Closed Lost,0,"€483,500",EUR,25.02.2026,02/11/2025,Not a Fit,Inbound - Website,02/11/2025,Omitted,02/11/2025 23:43
OPP-002898,30/10/2025,Hansa Media - Managed Cloud Services,ACC-10030,tomas.novak@nexora-consulting.eu,CLOUD,Managed Cloud Services,Stage 3: Proposal (75-90%),80,"CZK 19,960,800",CZK,19.11.2026,,,Hyperscaler Co-sell,14/09/2026,Best Case,14/09/2026 17:00
OPP-002804,15/10/2025,Lusitania Assurance - DevOps & Platform Engineering,ACC-10492,lukas.schneider@nexora-consulting.eu,CLOUD,DevOps & Platform Engineering,Closed Won,1.0,137100,CHF,14/05/2026,02/05/2026,,Event / Webinar,02/05/2026,Closed,02/05/2026 21:39
OPP-002711,01/10/2025,Gallway Renewables - Managed Cloud Services,ACC-10678,pieter.janssens@nexora-consulting.eu,CLOUD,Managed Cloud Services,Stage 0: Closed Lost,0.0,516 500,EUR,01/02/2026,14/11/2025,Not qualified,Existing Customer (Upsell),14/11/2025,Omitted,14/11/2025 17:00
OPP-002781,11/10/2025,Vektor Utilities - SAP S/4HANA Implementation,ACC-10466,sven.johansson@nexora-consulting.eu,ERP_APPS,SAP S/4HANA Implementation,Closed Lost,0.0,1365600,NOK,08/01/2026,27/10/2025,No Budget,Event / Webinar,27/10/2025,Omitted,27/10/2025 17:00
OPP-002769,09/10/2025,Olympia Media - Security Assessment,ACC-10219,jan.kowalski@nexora-consulting.eu,CYBER,Security Assessment,Closed Won,100,114900,PLN,28/01/2026,02/02/2026,,Outbound,02/02/2026,Closed,02/02/2026 21:02
OPP-002843,22/10/2025,Solvik Public Services - Identity & Access Management,ACC-10206,felix.wagner@nexora-consulting.eu,CYBER,Identity & Access Management,Stage 5: Closed Won (100%),1.0,334500,€,10/03/2026,31/08/2026,,Outbound - SDR,31/08/2026,Closed,31/08/2026 17:00
OPP-002744,07/10/2025,Novara Power - DevOps & Platform Engineering,ACC-10246,pieter.janssens@nexora-consulting.eu,CLOUD,DevOps & Platform Engineering,Stage 5: Closed Won (100%),100,"€104,500",EUR,19/01/2026,07/06/2026,,Partner Referral,07/06/2026,Closed,07/06/2026 17:00
OPP-002890,29/10/2025,Meridian Biotech - Data Platform Modernisation,ACC-10532,niamh.walsh@nexora-consulting.eu,DATA_AI,Data Platform Modernisation,Closed Lost,0.0,"165,900.00",GBP,20/01/2026,09/01/2026,No decision,Partner Referral,09/01/2026,Omitted,09/01/2026 22:56
OPP-002770,10/10/2025,Pionier Mobility - Managed SOC,ACC-10032,felix.wagner@nexora-consulting.eu,CYBER,Managed SOC,Stage 5: Closed Won (100%),100,215800,CHF,01/03/2026,27/01/2026,,Event / Webinar,27/01/2026,Closed,27/01/2026 17:00
OPP-002854,24/10/2025,Saxon Agency - AI & GenAI Solutions,ACC-10573,ethan.clarke@nexora-consulting.eu,DATA_AI,AI & GenAI Solutions,Stage 0: Closed Lost,0.0,211700,GBP,08/04/2026,20/11/2025,Not a Fit,Inbound - Website,20/11/2025,Omitted,20/11/2025 17:00
OPP-002857,2025-10-24,Borealis Invest - Identity & Access Management,ACC-10569,david.moreau@nexora-consulting.eu,CYBER,Identity & Access Management,Stage 1: Discovery (0-50%),0.4,48 000,EUR,18/03/2026,,,Referral,24/10/2025,Pipeline,24/10/2025 17:00
OPP-002870,26/10/2025,Castellan Capital - Managed Cloud Services,ACC-10332,pieter.janssens@nexora-consulting.eu,CLOUD,Managed Cloud Services,Closed Lost,0,128000,EUR,18/01/2026,11/03/2026,Timing / Postponed,Existing Customer (Upsell),11/03/2026,Omitted,11/03/2026 17:00
OPP-002888,29/10/2025,Silverline Retail - Identity & Access Management,ACC-10116,isabel.ferreira@nexora-consulting.eu,CYBER,Identity & Access Management,Closed Lost,0,130500,eur,31/03/2026,02/11/2025,No Budget,Inbound - Website,02/11/2025,Omitted,02/11/2025 17:00
OPP-002850,2025-10-23,Invicta Logistics - Analytics & BI,ACC-10657,ethan.clarke@nexora-consulting.eu,DATA_AI,Analytics & BI,Stage 0: Closed Lost,0,53100,GBP,21/02/2026,29.10.2025,Not a Fit,Hyperscaler Co-sell,29/10/2025,Omitted,29/10/2025 18:50
OPP-002761,09/10/2025,Cygnus Components - Data Platform Modernisation,ACC-10677,ethan.clarke@nexora-consulting.eu,DATA_AI,Data Platform Modernisation,Stage 0: Closed Lost,0,213400,GBP,14/01/2026,12/11/2025,No Decision / Stalled,Partner Referral,12/11/2025,Omitted,12/11/2025 23:48
OPP-002836,20/10/2025,Jadeport Assurance - Identity & Access Management,ACC-10713,isabel.ferreira@nexora-consulting.eu,CYBER,Identity & Access Management,Stage 0: Closed Lost,0,114500,EUR,16/02/2026,11/12/2025,No Budget,Inbound - Website,11/12/2025,Omitted,11/12/2025 17:00
OPP-002827,19/10/2025,Bergmann Pharma - Cloud Migration,ACC-10437,tomas.novak@nexora-consulting.eu,CLOUD,Cloud Migration,Stage 0: Closed Lost,0,5757200,CZK,2026-04-16,14/11/2025,,Existing Customer (Upsell),14/11/2025,Omitted,14/11/2025 17:00
OPP-002777,11/10/2025,Invicta Shipping - Managed SOC,ACC-10652,jan.kowalski@nexora-consulting.eu,CYBER,Managed SOC,Stage 5: Closed Won (100%),100,"1,279,400.00",CZK,20/02/2026,2026-07-03,,Existing Customer (Upsell),03/07/2026,Closed,03/07/2026 23:03
OPP-002907,31/10/2025,Hansa Municipal Services - Application Support,ACC-10049,paolo.conti@nexora-consulting.eu,ERP_APPS,Application Support,Stage 0: Closed Lost,0,299000,EUR,04/08/2026,28/12/2025,No Budget,Existing Customer (Upsell),28/12/2025,Best Case,28/12/2025 17:00
OPP-002906,31/10/2025,Delta Components - Data Platform Modernisation,ACC-10567,hugo.laurent@nexora-consulting.eu,DATA_AI,Data Platform Modernisation,Closed Won,100,67500,EUR,04/05/2026,17/02/2026,,Existing Customer (Upsell),17/02/2026,Closed,17/02/2026 17:00
OPP-002805,15/10/2025,Corvina Brands - Managed Cloud Services,ACC-10475,lukas.schneider@nexora-consulting.eu,CLOUD,Managed Cloud Services,Closed Lost,0,129500.00,€,20/01/2026,22/03/2026,Scope Reduced / In-house,Existing Customer,22/03/2026,Commit,22/03/2026 17:00
OPP-002743,07/10/2025,Noord Components - Data Platform Modernisation,ACC-10460,katarzyna.nowak@nexora-consulting.eu,DATA_AI,Data Platform Modernisation,Closed Won,100,492 800,PLN,22/02/2026,28/12/2025,,Webinar,28/12/2025,Closed,28/12/2025 21:49
OPP-002852,24/10/2025,Moselle Telecom - DevOps & Platform Engineering,ACC-10561,mateo.lopez@nexora-consulting.eu,CLOUD,,Stage 0: Closed Lost,0.0,92000,EUR,14/03/2026,2025-11-25,No Decision / Stalled,Existing Customer (Upsell),25/11/2025,Omitted,25/11/2025 17:00
OPP-002830,19/10/2025,Ysolde Brands - Data Platform Modernisation,ACC-10673,elena.bianchi@nexora-consulting.eu,DATA_AI,Data Platform Modernisation,Stage 0: Closed Lost,0,427000,EUR,16/01/2026,18/11/2025,No Decision / Stalled,Event / Webinar,18/11/2025,Omitted,18/11/2025 18:08
OPP-002717,02/10/2025,Elbe Telecom - DevOps & Platform Engineering,ACC-10665,pieter.janssens@nexora-consulting.eu,CLOUD,DevOps & Platform Engineering,Closed Lost,0.0,25500,EUR,14/02/2026,05/11/2025,No fit,Hyperscaler Co-sell,05/11/2025,Omitted,05/11/2025 17:00
OPP-002853,24/10/2025,Tamsin Brands - Managed SOC,ACC-10033,felix.wagner@nexora-consulting.eu,CYBER,Managed SOC,Stage 0: Closed Lost,0.0,306500,EUR,08/01/2026,21/11/2025,No decision,Existing Customer (Upsell),21/11/2025,Omitted,21/11/2025 18:53
OPP-002832,20/10/2025,Karlsson Renewables - Security Assessment,ACC-10489,sara.andersson@nexora-consulting.eu,CYBER,Security Assessment,Stage 0: Closed Lost,0,14500,EUR,09/02/2026,21/01/2026,,Existing Customer (Upsell),21/01/2026,Omitted,21/01/2026 20:21
OPP-002787,12/10/2025,Novara Logistics - Managed Cloud Services,ACC-10444,mateo.lopez@nexora-consulting.eu,CLOUD,Managed Cloud Services,Closed Lost,0.0,294500,EUR,19/03/2026,13/01/2026,No Budget,Hyperscaler Co-sell,13/01/2026,Commit,13/01/2026 17:00
OPP-002825,18/10/2025,Rhein Telecom - Managed Cloud Services,ACC-10534,chloe.martin@nexora-consulting.eu,CLOUD,Managed Cloud Services,Stage 0: Closed Lost,0,178 000,€,27/01/2026,2025-10-28,No Decision / Stalled,Partner Referral,28/10/2025,Omitted,28/10/2025 17:00
OPP-002823,18/10/2025,Tamsin Grid - Analytics & BI,ACC-10192,ethan.clarke@nexora-consulting.eu,DATA_AI,Analytics & BI,Stage 0: Closed Lost,0.0,78900,GBP,24/12/2025,14/02/2026,Doing in-house,SDR,14/02/2026,Omitted,14/02/2026 19:49
OPP-002795,14.10.2025,Gallway Freight - Salesforce Implementation,ACC-10039,camille.bernard@nexora-consulting.eu,ERP_APPS,Salesforce Implementation,Stage 0: Closed Lost,0,324500,eur,05/03/2026,2025-11-18,No Budget,Event / Webinar,18/11/2025,Omitted,18/11/2025 20:00
OPP-002872,2025-10-26,Riviera Renewables - Salesforce Implementation,ACC-10627,sven.johansson@nexora-consulting.eu,ERP_APPS,Salesforce Implementation,Stage 5: Closed Won (100%),1.0,11435700,SEK,12/01/2026,11/01/2026,,Hyperscaler Co-sell,11/01/2026,Commit,11/01/2026 17:00
OPP-002876,27/10/2025,Westbrook Authority - Application Support,ACC-10612,sven.johansson@nexora-consulting.eu,ERP_APPS,Application Support,Stage 0: Closed Lost,0,"DKK 4,595,000",DKK,21/04/2026,01/01/2026,No decision,Existing Customer (Upsell),01/01/2026,Best Case,01/01/2026 17:00
OPP-002840,21/10/2025,Bergmann Media - SAP S/4HANA Implementation,ACC-10169,grace.thompson@nexora-consulting.eu,ERP_APPS,SAP S/4HANA Implementation,Stage 0: Closed Lost,0,"£571,700",GBP,28/04/2026,01/11/2025,No Decision / Stalled,Event / Webinar,01/11/2025,Omitted,01/11/2025 20:00
OPP-002869,26/10/2025,Delta Authority - Application Support,ACC-10680,grace.thompson@nexora-consulting.eu,ERP_APPS,Application Support,Stage 0: Closed Lost,0,246900,GBP,09/05/2026,22/11/2025,No Decision / Stalled,Existing Customer (Upsell),22/11/2025,Omitted,22/11/2025 17:00
OPP-002838,20/10/2025,Jadeport Assurance - DevOps & Platform Engineering,ACC-10713,mateo.lopez@nexora-consulting.eu,CLOUD,DevOps & Platform Engineering,Stage 0: Closed Lost,0,267000,EUR,13/04/2026,04/11/2025,No Budget,Upsell,04/11/2025,Omitted,04/11/2025 17:00
OPP-002882,28/10/2025,Nordwind Stores - AI & GenAI Solutions,ACC-10058,hugo.laurent@nexora-consulting.eu,DATA_AI,AI & GenAI Solutions,Stage 0: Closed Lost,0.0,164500,EUR,07/06/2026,28/02/2026,Stalled,Hyperscaler Co-sell,28/02/2026,Omitted,28/02/2026 22:52
OPP-002824,18/10/2025,Jadeport Industries - AI & GenAI Solutions,ACC-10635,hugo.laurent@nexora-consulting.eu,DATA_AI,AI & GenAI Solutions,Stage 0: Closed Lost,0.0,196500,EUR,24/01/2026,25/10/2025,No Decision / Stalled,Existing Customer,25/10/2025,Omitted,25/10/2025 17:00
OPP-002878,27/10/2025,Meridian Components - DevOps & Platform Engineering,ACC-10584,lukas.schneider@nexora-consulting.eu,CLOUD,DevOps & Platform Engineering,Stage 5: Closed Won (100%),100,118300,CHF,24/02/2026,21/01/2026,,Partner,21/01/2026,Closed,21/01/2026 17:00
OPP-002755,08/10/2025,Corvina Consumer - Application Support,ACC-10498,grace.thompson@nexora-consulting.eu,ERP_APPS,Application Support,Stage 0: Closed Lost,0,37300,GBP,24/01/2026,18/12/2025,Price,Event / Webinar,18/12/2025,Omitted,18/12/2025 17:00
OPP-002809,16/10/2025,Wexford Connect - Application Support,ACC-10574,sven.johansson@nexora-consulting.eu,ERP_APPS,Application Support,Closed Won,100,1446600,DKK,06/02/2026,2026-02-09,,Partner Referral,09/02/2026,Closed,09/02/2026 18:48
OPP-002833,20/10/2025,Vektor Invest - Managed SOC,ACC-10150,jan.kowalski@nexora-consulting.eu,CYBER,Managed SOC,Stage 0: Closed Lost,0,"431,000.00",EUR,09/05/2026,16/11/2025,No Budget,Existing Customer (Upsell),16/11/2025,Commit,16/11/2025 18:53
OPP-002767,09/10/2025,Corvina Industries - Cloud Migration,ACC-10544,pieter.janssens@nexora-consulting.eu,CLOUD,Cloud Migration,Closed Lost,0.0,464500,EUR,2026-01-21,18/11/2025,No Budget,Existing Customer (Upsell),18/11/2025,Omitted,18/11/2025 17:00
OPP-002826,19/10/2025,Vektor Pharma - Cloud Migration,ACC-10468,pieter.janssens@nexora-consulting.eu,CLOUD,Cloud Migration,Stage 0: Closed Lost,0,56000,EUR,05/02/2026,21/12/2025,Not qualified,Inbound - Website,21/12/2025,Omitted,21/12/2025 22:14
OPP-002757,08/10/2025,Bergmann Consumer - Managed Cloud Services,ACC-10247,mateo.lopez@nexora-consulting.eu,CLOUD,Managed Cloud Services,Stage 0: Closed Lost,0,408500,€,19/02/2026,20/01/2026,Price,Partner Referral,20/01/2026,Omitted,20/01/2026 17:00
OPP-002814,17/10/2025,Vistula Precision - AI & GenAI Solutions,ACC-10718,mikael.lindqvist@nexora-consulting.eu,DATA_AI,AI & GenAI Solutions,Stage 0: Closed Lost,0,3028600,NOK,16/02/2026,14/11/2025,,Event / Webinar,14/11/2025,Omitted,14/11/2025 17:00
OPP-002729,2025-10-05,Saxon Agency - Analytics & BI,ACC-10573,ethan.clarke@nexora-consulting.eu,DATA_AI,Analytics & BI,Stage 0: Closed Lost,,244500.00,EUR,15/02/2026,17/02/2026,Scope Reduced / In-house,Hyperscaler Co-sell,17/02/2026,Commit,17/02/2026 17:00
OPP-002892,29/10/2025,Falkner Assurance - Application Support,ACC-10464,julia.hoffmann@nexora-consulting.eu,ERP_APPS,Application Support,Stage 0: Closed Lost,0,180500,EUR,25/03/2026,14/04/2026,Lost to Competitor,Partner Referral,14/04/2026,Pipeline,14/04/2026 22:06
OPP-002896,29/10/2025,Fontaine Invest - Salesforce Implementation,ACC-10425,paolo.conti@nexora-consulting.eu,ERP_APPS,Salesforce Implementation,Closed Lost,0,372000,EUR,08/05/2026,19/01/2026,Not a Fit,Inbound - Website,19/01/2026,Omitted,19/01/2026 21:11
OPP-002798,14/10/2025,Silverline Automotive - AI & GenAI Solutions,ACC-10225,katarzyna.nowak@nexora-consulting.eu,DATA_AI,AI & GenAI Solutions,Stage 5: Closed Won (100%),1.0,514300,PLN,02/03/2026,27/03/2026,,Event / Webinar,27/03/2026,Closed,27/03/2026 17:00
OPP-002733,05/10/2025,Delta Utilities - Security Assessment,ACC-10500,jan.kowalski@nexora-consulting.eu,CYBER,Security Assessment,Stage 5: Closed Won (100%),100,1501300,CZK,14/01/2026,23/02/2026,,Existing Customer (Upsell),23/02/2026,Pipeline,23/02/2026 23:37
OPP-002799,14/10/2025,Estrella Municipal Services - Security Assessment,ACC-10285,isabel.ferreira@nexora-consulting.eu,CYBER,Security Assessment,Stage 0: Closed Lost,0,58000,EUR,15/09/2026,08/11/2025,No Decision / Stalled,Event / Webinar,08/11/2025,Omitted,08/11/2025 17:00
OPP-002803,15/10/2025,Brightwater Broadcast - Managed Cloud Services,ACC-10135,freja.nielsen@nexora-consulting.eu,CLOUD,Managed Cloud Services,Stage 5: Closed Won (100%),1.0,"473,000.00",SEK,12/01/2026,09/12/2025,,Referral,09/12/2025,Closed,09/12/2025 17:00
OPP-002828,19/10/2025,Solvik Telecom - Analytics & BI,ACC-10177,ANNA.MULLER@NEXORA-CONSULTING.EU,DATA_AI,Analytics & BI,Stage 5: Closed Won (100%),1.0,361900,CHF,15/02/2026,25/01/2026,,Existing Customer (Upsell),25/01/2026,Closed,25/01/2026 21:28
OPP-002875,27/10/2025,Vistula Public Services - Data Platform Modernisation,ACC-10647,niamh.walsh@nexora-consulting.eu,DATA_AI,Data Platform Modernisation,Stage 0: Closed Lost,0.0,323000,EUR,04/04/2026,05/12/2025,No Budget,Outbound - SDR,05/12/2025,Omitted,05/12/2025 22:22
OPP-002815,17/10/2025,Moselle Brands - Analytics & BI,ACC-10441,hugo.laurent@nexora-consulting.eu,DATA_AI,Analytics & BI,Stage 0: Closed Lost,0.0,"€166,000",EUR,16/12/2025,02/11/2025,No fit,Upsell,02/11/2025,Omitted,02/11/2025 17:00
OPP-002710,01/10/2025,Quadra Finance - Data Platform Modernisation,ACC-10412,ethan.clarke@nexora-consulting.eu,DATA_AI,Data Platform Modernisation,Stage 0: Closed Lost,0,534500,EUR,09/12/2025,22/10/2025,Not a Fit,Existing Customer (Upsell),2025-10-22,Omitted,22/10/2025 17:00
OPP-002866,26/10/2025,Tamsin Agency - Managed SOC,ACC-10703,isabel.ferreira@nexora-consulting.eu,CYBER,Managed SOC,Stage 0: Closed Lost,0.0,371000,EUR,07/09/2026,09/02/2026,Not a Fit,Existing Customer,09/02/2026,Omitted,09/02/2026 17:00
OPP-002847,23/10/2025,Vektor Assurance - Salesforce Implementation,ACC-10607,julia.hoffmann@nexora-consulting.eu,ERP_APPS,Salesforce Implementation,Closed Lost,0.0,128000,EUR,11/04/2026,17/01/2026,Not a Fit,Partner Referral,17/01/2026,Omitted,17/01/2026 17:00
OPP-002865,26/10/2025,Tamsin Agency - SAP S/4HANA Implementation,ACC-10703,paolo.conti@nexora-consulting.eu,ERP_APPS,SAP S/4HANA Implementation,Stage 0: Closed Lost,,1094500,EUR,29/07/2026,03/04/2026,No fit,Event / Webinar,03/04/2026,Omitted,03/04/2026 17:00
OPP-002829,19/10/2025,Cygnus Consumer - Cloud Migration,ACC-10451,pieter.janssens@nexora-consulting.eu,CLOUD,Cloud Migration,Closed Won,1.0,363 500,€,02/02/2026,27/11/2025,,Existing Customer (Upsell),27/11/2025,Closed,27/11/2025 18:25
OPP-002779,11/10/2025,Vektor Finance - Data Platform Modernisation,ACC-10392,hugo.laurent@nexora-consulting.eu,DATA_AI,Data Platform Modernisation,Stage 0: Closed Lost,0,"314,000.00",EUR,20/03/2026,26/10/2025,No Budget,Existing Customer (Upsell),26/10/2025,Omitted,26/10/2025 17:00
OPP-002721,2025-10-03,Isola Industries - DevOps & Platform Engineering,ACC-10122,oliver.hughes@nexora-consulting.eu,CLOUD,DevOps & Platform Engineering,Stage 0: Closed Lost,0.0,42500,EUR,30/01/2026,08/10/2025,Not a Fit,Partner Referral,08/10/2025,Omitted,08/10/2025 18:06
OPP-002766,09/10/2025,Lusitania Industries - AI & GenAI Solutions,ACC-10356,anna.muller@nexora-consulting.eu,DATA_AI,AI & GenAI Solutions,Stage 5: Closed Won (100%),100,105400,CHF,06/01/2026,,,Partner Referral,20/06/2026,Closed,20/06/2026 17:00
OPP-002726,04/10/2025,Marisol Energy - Analytics & BI,ACC-10708,mikael.lindqvist@nexora-consulting.eu,DATA_AI,Analytics & BI,Stage 5: Closed Won (100%),100,940200,SEK,21/03/2026,03/06/2026,,Partner,03/06/2026,Closed,03/06/2026 17:00
OPP-002858,24/10/2025,Dunmore Grid - AI & GenAI Solutions,ACC-10020,mikael.lindqvist@nexora-consulting.eu,DATA_AI,AI & GenAI Solutions,Stage 0: Closed Lost,0,"1,414,200.00",NOK,08/02/2026,25/03/2026,,Existing Customer,25/03/2026,Omitted,25/03/2026 17:00
OPP-002820,2025-10-18,Novara Logistics - AI & GenAI Solutions,ACC-10444,elena.bianchi@nexora-consulting.eu,DATA_AI,AI & GenAI Solutions,Stage 0: Closed Lost,0.0,121500,EUR,10/05/2026,12/01/2026,No Decision / Stalled,Partner,12/01/2026,Omitted,12/01/2026 19:40
OPP-002780,11/10/2025,Aurora Finance - SAP S/4HANA Implementation,ACC-10027,sven.johansson@nexora-consulting.eu,ERP_APPS,SAP S/4HANA Implementation,Stage 0: Closed Lost,0.0,"920,000.00",EUR,07/04/2026,10/04/2026,Scope Reduced / In-house,Existing Customer (Upsell),10/04/2026,Omitted,10/04/2026 22:29
OPP-002791,13/10/2025,Arcadia Precision - Managed SOC,ACC-10235,felix.wagner@nexora-consulting.eu,CYBER,Managed SOC,Stage 5: Closed Won (100%),100,413500,EUR,14/02/2026,01/01/2026,,Inbound - Website,01/01/2026,Closed,01/01/2026 17:00
OPP-002724,04/10/2025,Estrella Precision - Security Assessment,ACC-10507,david.moreau@nexora-consulting.eu,CYBER,Security Assessment,Stage 0: Closed Lost,0,34500,EUR,25/02/2026,01/07/2026,No Decision / Stalled,Existing Customer (Upsell),01/07/2026,Omitted,01/07/2026 18:58
OPP-002900,30/10/2025,Karlsson Industries - Identity & Access Management,ACC-10540,tom.barker@nexora-consulting.eu,CYBER,Identity & Access Management,Stage 0: Closed Lost,0,33500,EUR,27/04/2026,14/01/2026,Lost to Competitor,Existing Customer (Upsell),14/01/2026,Omitted,14/01/2026 17:17
OPP-002706,01/10/2025,Corvina Consumer - Managed SOC,ACC-10498,tom.barker@nexora-consulting.eu,CYBER,Managed SOC,Stage 0: Closed Lost,0.0,225400,GBP,28/12/2025,23/10/2025,no budget,Webinar,23/10/2025,Omitted,23/10/2025 17:00
OPP-002709,01/10/2025,Vektor Components - Identity & Access Management,ACC-10756,david.moreau@nexora-consulting.eu,CYBER,Identity & Access Management,Closed Lost,0,130000.00,EUR,12.02.2026,18/11/2025,No Decision / Stalled,Existing Customer,18/11/2025,Pipeline,18/11/2025 17:00
OPP-002713,02/10/2025,Westbrook Power - DevOps & Platform Engineering,ACC-10765,chloe.martin@nexora-consulting.eu,CLOUD,DevOps & Platform Engineering,Stage 0: Closed Lost,,131000,EUR,28/03/2026,26/01/2026,Timing / Postponed,Existing Customer (Upsell),26/01/2026,Omitted,26/01/2026 23:49
OPP-002714,2025-10-02,Arcadia Municipal Services - Data Platform Modernisation,ACC-10618,niamh.walsh@nexora-consulting.eu,DATA_AI,Data Platform Modernisation,Stage 0: Closed Lost,0,175700,gbp,25/02/2026,13/07/2026,Price,Event / Webinar,13/07/2026,Omitted,13/07/2026 17:00
OPP-002727,04/10/2025,Gallway Industries - Analytics & BI,ACC-10241,mikael.lindqvist@nexora-consulting.eu,DATA_AI,Analytics & BI,Stage 0: Closed Lost,0.0,854800,DKK,10/02/2026,31/12/2025,lost to competitor,Inbound,31/12/2025,Omitted,31/12/2025 17:00
OPP-002735,05/10/2025,Castellan Motorenwerk - AI & GenAI Solutions,ACC-10645,ethan.clarke@nexora-consulting.eu,DATA_AI,AI & GenAI Solutions,Stage 0: Closed Lost,0.0,91300,GBP,25.02.2026,06/01/2026,Not a Fit,Inbound,06/01/2026,Best Case,06/01/2026 17:00
OPP-002789,13/10/2025,Castellan Industries - Security Assessment,ACC-10123,sara.andersson@nexora-consulting.eu,CYBER,Security Assessment,Stage 5: Closed Won (100%),100,20500,EUR,2026-01-15,29/11/2025,,Upsell,29/11/2025,Closed,29/11/2025 19:34
OPP-002891,2025-10-29,Aurora Grid - DevOps & Platform Engineering,ACC-10688,tomas.novak@nexora-consulting.eu,CLOUD,DevOps & Platform Engineering,Stage 5: Closed Won (100%),100,3720600,CZK,19/04/2026,15/02/2026,,Existing Customer (Upsell),15/02/2026,Closed,15/02/2026 17:00
OPP-002765,09.10.2025,Baltica Precision - Application Support,ACC-10275,sven.johansson@nexora-consulting.eu,ERP_APPS,Application Support,Stage 0: Closed Lost,0.0,4588500,NOK,19/01/2026,24/10/2025,Not a Fit,Existing Customer,24/10/2025,Omitted,24/10/2025 21:28
OPP-002817,17/10/2025,Tamsin Precision - AI & GenAI Solutions,ACC-10126,hugo.laurent@nexora-consulting.eu,DATA_AI,AI & GenAI Solutions,Stage 0: Closed Lost,0,"192,500.00",EUR,30/05/2026,01/04/2026,Lost to Competitor,Referral,01/04/2026,Omitted,01/04/2026 17:51
OPP-002792,13/10/2025,Vistula Finance - Data Platform Modernisation,ACC-10439,niamh.walsh@nexora-consulting.eu,DATA_AI,Data Platform Modernisation,Stage 0: Closed Lost,0,545600,GBP,27/03/2026,22/11/2025,Not a Fit,Event,22/11/2025,Omitted,22/11/2025 17:57
OPP-002793,13/10/2025,Tamsin Stores - AI & GenAI Solutions,ACC-10664,elena.bianchi@nexora-consulting.eu,DATA_AI,AI & GenAI Solutions,Closed Lost,0.0,92500,EUR,12/03/2026,28/11/2025,No decision,Existing Customer (Upsell),28/11/2025,Omitted,28/11/2025 17:00
OPP-002844,22/10/2025,Atlas Renewables - Managed SOC,ACC-10539,david.moreau@nexora-consulting.eu,CYBER,Managed SOC,Stage 0: Closed Lost,0.0,241500,EUR,07/02/2026,17/02/2026,Scope Reduced / In-house,Existing Customer (Upsell),17/02/2026,Omitted,17/02/2026 17:00
OPP-002839,21/10/2025,Castellan Energy - Data Platform Modernisation,ACC-10675,hugo.laurent@nexora-consulting.eu,DATA_AI,Data Platform Modernisation,Stage 0: Closed Lost,0.0,333000,EUR,16/05/2026,10/02/2026,Timing / Postponed,Hyperscaler Co-sell,10/02/2026,Omitted,10/02/2026 22:16
OPP-002759,2025-10-08,Hansa Media - Cloud Migration,ACC-10030,tomas.novak@nexora-consulting.eu,CLOUD,Cloud Migration,Stage 0: Closed Lost,0.0,1893000,CZK,11/01/2026,18/11/2025,No Decision / Stalled,Co-sell,18/11/2025,Omitted,18/11/2025 17:00
OPP-002739,05/10/2025,Estrella Assurance - DevOps & Platform Engineering,ACC-10473,tomas.novak@nexora-consulting.eu,CLOUD,DevOps & Platform Engineering,Stage 0: Closed Lost,0.0,"PLN 303,900",PLN,29/12/2025,31/12/2025,Competitor,Existing Customer (Upsell),31/12/2025,Pipeline,31/12/2025 23:51
OPP-002885,2025-10-28,Rhein Automotive - AI & GenAI Solutions,ACC-10196,elena.bianchi@nexora-consulting.eu,DATA_AI,AI & GenAI Solutions,Stage 0: Closed Lost,0.0,109500,,05/03/2026,22/11/2025,No Decision / Stalled,Existing Customer (Upsell),22/11/2025,Omitted,22/11/2025 17:00
OPP-002794,14/10/2025,Saxon Clinics - Data Platform Modernisation,ACC-10499,hugo.laurent@nexora-consulting.eu,DATA_AI,Data Platform Modernisation,Stage 0: Closed Lost,0.0,651500,EUR,04/05/2026,23/04/2026,No Decision / Stalled,Existing Customer (Upsell),23/04/2026,Omitted,23/04/2026 17:52
OPP-002895,29/10/2025,Meridian Agency - Identity & Access Management,ACC-10424,david.moreau@nexora-consulting.eu,CYBER,Identity & Access Management,Stage 0: Closed Lost,0.0,621500,EUR,2026-04-11,19/12/2025,No fit,Outbound - SDR,19/12/2025,Omitted,19/12/2025 17:00
OPP-002764,09/10/2025,Granite Utilities - Security Assessment,ACC-10354,felix.wagner@nexora-consulting.eu,CYBER,Security Assessment,Stage 5: Closed Won (100%),1.0,"€11,000",EUR,17/03/2026,18/12/2025,,AWS/Azure Co-sell,18/12/2025,Closed,18/12/2025 17:00
OPP-002732,05/10/2025,Borealis Clinics - AI & GenAI Solutions,ACC-10397,emma.devries@nexora-consulting.eu,DATA_AI,AI & GenAI Solutions,Stage 2: Solution Design (50-75%),0.5,334500,EUR,14/03/2026,,,Partner,22/12/2025,Pipeline,18/12/2025 14:26
OPP-002849,23/10/2025,Isola Broadcast - Cloud Migration,ACC-10215,oliver.hughes@nexora-consulting.eu,CLOUD,Cloud Migration,Stage 0: Closed Lost,0,87900,GBP,17/03/2026,23/12/2025,,Inbound - Website,23/12/2025,Omitted,23/12/2025 17:00
OPP-002800,14/10/2025,Orion Authority - AI & GenAI Solutions,ACC-10576,elena.bianchi@nexora-consulting.eu,DATA_AI,AI & GenAI Solutions,Stage 0: Closed Lost,0,161000,EUR,20/02/2026,25/12/2025,No Decision / Stalled,Upsell,25/12/2025,Pipeline,25/12/2025 22:40
OPP-002778,11/10/2025,Delta Authority - Data Platform Modernisation,ACC-10680,niamh.walsh@nexora-consulting.eu,DATA_AI,Data Platform Modernisation,Stage 0: Closed Lost,0,324400,GBP,12/05/2026,18/06/2026,No fit,Existing Customer (Upsell),18/06/2026,Commit,18/06/2026 17:00
OPP-002765,09.10.2025,Baltica Precision - Application Support,ACC-10275,sven.johansson@nexora-consulting.eu,ERP_APPS,Application Support,Stage 0: Closed Lost,0.0,4588500,NOK,19/01/2026,24/10/2025,Not a Fit,Existing Customer,24/10/2025,Omitted,24/10/2025 21:28
OPP-002834,20/10/2025,Tamsin Precision - Analytics & BI,ACC-10126,hugo.laurent@nexora-consulting.eu,DATA_AI,Analytics & BI,Stage 0: Closed Lost,0,119000,EUR,20/01/2026,19/03/2026,Price,Existing Customer,19/03/2026,Omitted,19/03/2026 17:00
OPP-002791,13/10/2025,Arcadia Precision - Managed SOC,ACC-10235,felix.wagner@nexora-consulting.eu,CYBER,Managed SOC,Stage 5: Closed Won (100%),100,413500,EUR,14/02/2026,01/01/2026,,Inbound - Website,01/01/2026,Closed,01/01/2026 17:00
OPP-002874,26/10/2025,Karlsson Automotive - Data Platform Modernisation,ACC-10619,elena.bianchi@nexora-consulting.eu,DATA_AI,Data Platform Modernisation,Stage 0: Closed Lost,0.0,241500,€,19/01/2026,03/02/2026,No Budget,Existing Customer (Upsell),03/02/2026,Omitted,03/02/2026 17:00
OPP-002886,28/10/2025,Isola Power - SAP S/4HANA Implementation,ACC-10434,paolo.conti@nexora-consulting.eu,ERP_APPS,SAP S/4HANA Implementation,Closed Won,100,697500,EUR,02/03/2026,26/04/2026,,Hyperscaler Co-sell,26/04/2026,Closed,26/04/2026 17:00
OPP-002731,05/10/2025,Marisol Automotive - Managed Cloud Services,ACC-10053,oliver.hughes@nexora-consulting.eu,CLOUD,Managed Cloud Services,Stage 0: Closed Lost,0,"£221,600",GBP,04/12/2025,09/11/2025,Not qualified,AWS/Azure Co-sell,09/11/2025,Omitted,09/11/2025 17:00
