opportunity_id,opportunity_name,account_id,account_name,owner_name,department_raw,service_line,stage_raw,probability_raw,amount_raw,currency_raw,created_date_raw,expected_close_raw,actual_close_raw,loss_reason_raw,lead_source_raw,last_activity_raw,last_modified_raw,source_file,owner_email,forecast_category_rep,crm_version,last_modified,reason
OPP-000046,Tauern Consumer - Identity & Access Management,ACC-10613,Tauern Consumer S.r.l.,Isabel Ferreira,Cybersecurity,Identity & Access Management,Proposal,80,143500,EUR,2024-04-11,2024-09-22,,,Webinar,2024-07-18,2024-07-17 00:11:44,opps_2024_10,,,v1,2024-07-17,OLDER_VERSION
OPP-000084,Arcadia Utilities - Identity & Access Management,ACC-10595,Arcadia Utilities N.V.,Sara Andersson,Cybersecurity,Identity & Access Management,Negotiation,95%,290500,EUR,2024-04-20,2024-09-22,,,Event / Webinar,2024-06-15,2024-06-11 09:24:41,opps_2024_10,,,v1,2024-06-11,OLDER_VERSION
OPP-000182,Delta Components - Analytics & BI,ACC-10567,Delta Components SAS,Hugo Laurent,Data & AI,Analytics & BI,4 - Negotiation,90%,37500,EUR,2024-05-10,2024-08-29,,,Referral,2024-07-12,2024-07-11 17:11:51,opps_2024_10,,,v1,2024-07-11,OLDER_VERSION
OPP-000192,Karlsson Industries - Data Platform Modernisation,ACC-10540,Karlsson Industries DAC,Ethan Clarke,Data & AI,Data Platform Modernisation,Discovery,10%,55500,EUR,2024-05-12,2024-08-15,,,Hyperscaler Co-sell,2024-05-31,2024-05-29 00:47:16,opps_2024_10,,,v1,2024-05-29,OLDER_VERSION
OPP-000239,Vektor Invest - Salesforce Implementation,ACC-10150,Vektor Invest Sp. z o.o.,Lena Fischer,ERP & Apps,Salesforce Implementation,2 - Solution Design,50%,1149300,PLN,2024-05-23,2024-11-26,,,Event / Webinar,2024-07-07,2024-07-03 23:18:33,opps_2024_10,,,v1,2024-07-03,OLDER_VERSION
OPP-000311,Rhein Freight - Application Support,ACC-10308,Rhein Freight a.s.,Lena Fischer,ERP,Application Support,discovery,30,16571500,CZK,2024-06-07,2024-08-19,,,Hyperscaler Co-sell,2024-08-24,2024-08-21 04:37:53,opps_2024_10,,,v1,2024-08-21,OLDER_VERSION
OPP-000312,Novara Authority - Analytics & BI,ACC-10368,Novara Authority S.A.,"Nowak, Katarzyna",Data and AI,Analytics & BI,Solutioning,70%,380600,PLN,2024-06-08,2024-10-15,,,Outbound,2024-11-09,2024-11-04 13:30:04,opps_2024_10,,,v1,2024-11-04,OLDER_VERSION
OPP-000316,Polaris Precision - Managed Cloud Services,ACC-10702,POLARIS PRECISION S.P.A.,Mateo López,Cloud & Infrastructure,Managed Cloud Services,Solution Design,70%,"€262,000",EUR,2024-06-08,2025-01-03,,,Event / Webinar,2024-12-15,2024-12-12 23:03:57,opps_2024_10,,,v1,2024-12-12,OLDER_VERSION
OPP-000348,Kronberg Municipal Services - Analytics & BI,ACC-10318,Kronberg Municipal Services Oyj,"Lindqvist, Mikael",Data & AI,Analytics & BI,Proposal Sent,85,173500,€,2024-06-14,2024-11-16,,,Outbound - SDR,2025-07-09,2025-07-07 08:06:56,opps_2024_10,,,v1,2025-07-07,OLDER_VERSION
OPP-000362,Vektor Shipping - DevOps & Platform Engineering,ACC-10306,Vektor Shipping SAS,Chloé Martin,Cloud & Infrastructure,DevOps & Platform Engineering,Solutioning,60,195000,EUR,2024-06-17,2024-10-05,,,Partner Referral,2024-10-28,2024-10-24 09:15:56,opps_2024_10,,,v1,2024-10-24,OLDER_VERSION
OPP-000364,Hansa Bank - Identity & Access Management,ACC-10555,Hansa Bank SA,David Moreau,Cybersecurity,Identity & Access Management,Negotiation,95,165 500,EUR,2024-06-17,2024-10-07,,,Website,2024-10-14,2024-10-12 09:44:18,opps_2024_10,,,v1,2024-10-12,OLDER_VERSION
OPP-000392,Westbrook Power - Application Support,ACC-10765,Westbrook Power SA,Camille Bernard,ERP & Business Apps,Application Support,Discovery,40,125000,EUR,2024-06-22,2024-11-12,,,Hyperscaler Co-sell,2024-07-04,2024-07-02 12:55:12,opps_2024_10,,,v1,2024-07-02,OLDER_VERSION
OPP-000393,Saxon Precision - Analytics & BI,ACC-10156,Saxon Precision SA,Anna Müller,Data & AI,Analytics & BI,Discovery,30,227000,,2024-06-22,2024-10-07,,,Partner Referral,2024-08-11,2024-08-08 08:40:39,opps_2024_10,,,v1,2024-08-08,OLDER_VERSION
OPP-000504,Saxon Motorenwerk - Application Support,ACC-10274,Saxon Motorenwerk S.r.l.,Paolo Conti,ERP & Business Apps,Application Support,Negotiation/Review,95%,70000,EUR,2024-07-17,2025-01-18,,,Event / Webinar,2025-07-07,2025-07-03 13:10:48,opps_2024_10,,,v1,2025-07-03,OLDER_VERSION
OPP-000514,Bergmann Logistics - Analytics & BI,ACC-10533,Bergmann Logistics AG,Anna Müller,Data&AI,Analytics & BI,Contracting,90,57000,EUR,2024-07-18,2024-10-26,,,Inbound - Website,2024-10-23,2024-10-18 16:41:42,opps_2024_10,,,v1,2024-10-18,OLDER_VERSION
OPP-000519,Stellaris Freight - Identity & Access Management,ACC-10477,STELLARIS FREIGHT SA,David Moreau,Cybersecurity,Identity & Access Management,Qualification,10%,52500,EUR,2024-07-19,2024-12-17,,,Co-sell,2024-08-12,2024-08-07 22:42:01,opps_2024_10,,,v1,2024-08-07,OLDER_VERSION
OPP-000520,Iberia Institute - SAP S/4HANA Implementation,ACC-10359,IBERIA INSTITUTE SP. Z O.O.,Lena Fischer,ERP and Business Applications,SAP S/4HANA Implementation,1 - Discovery,30%,3393400,PLN,2024-07-19,2025-01-16,,,Partner Referral,2024-07-31,2024-07-27 06:56:28,opps_2024_10,,,v1,2024-07-27,OLDER_VERSION
OPP-000567,Stellaris Motorenwerk - Managed SOC,ACC-10331,Stellaris Motorenwerk AG,Felix Wagner,Cyber Security,Managed SOC,Discovery,30,285000,EUR,2024-07-30,2024-12-12,,,Webinar,2024-08-06,2024-08-05 00:57:09,opps_2024_10,,,v1,2024-08-05,OLDER_VERSION
OPP-000571,Estrella Precision - Salesforce Implementation,ACC-10507,Estrella Precision SAS,Camille Bernard,ERP,Salesforce Implementation,Contracting,90%,371000,EUR,2024-07-30,2025-01-11,,,Inbound - Website,2024-11-08,2024-11-07 05:14:11,opps_2024_10,,,v1,2024-11-07,OLDER_VERSION
OPP-000590,Noord Authority - Data Platform Modernisation,ACC-10427,Noord Authority plc,Niamh Walsh,Data & AI,Data Platform Modernisation,proposal/quote,85,"£121,900",GBP,2024-08-02,2025-03-03,,,Inbound - Website,2025-01-31,2025-01-26 10:19:07,opps_2024_10,,,v1,2025-01-26,OLDER_VERSION
OPP-000604,Vektor Shipping - Salesforce Implementation,ACC-10306,Vektor Shipping SAS,Camille Bernard,ERP,Salesforce Implementation,Discovery,30%,336000,EUR,2024-08-07,2025-03-09,,,Event / Webinar,2025-02-26,2025-02-23 23:01:17,opps_2024_10,,,v1,2025-02-23,OLDER_VERSION
OPP-000676,Estrella Consumer - Analytics & BI,ACC-10458,Estrella Consumer SA,Hugo Laurent,DATA & AI,Analytics & BI,1 - Discovery,,55500.00,EUR,2024-08-24,2025-02-07,,,Co-sell,2024-09-15,2024-09-12 10:01:44,opps_2024_10,,,v1,2024-09-12,OLDER_VERSION
OPP-000710,Ysolde Transport - SAP S/4HANA Implementation,ACC-10654,Ysolde Transport AG,Julia Hoffmann,ERP & Business Apps,SAP S/4HANA Implementation,4 - Negotiation,95,412500,EUR,2024-09-01,08/12/2024,,,Outbound - SDR,2025-02-19,2025-02-16 03:56:36,opps_2024_10,,,v1,2025-02-16,OLDER_VERSION
OPP-000791,Gallway Retail - Managed SOC,ACC-10280,GALLWAY RETAIL SAS,David Moreau,Cyber,Managed SOC,4 - Negotiation,90,1100500,EUR,2024-09-19,2025-03-12,,,Inbound - Website,2024-12-25,2024-12-21 09:31:34,opps_2024_10,,,v1,2024-12-21,OLDER_VERSION
OPP-000795,Falkner Municipal Services - SAP S/4HANA Implementation,ACC-10529,Falkner Municipal Services SA,lena fischer,ERP and Business Applications,SAP S/4HANA Implementation,Negotiation,95,1363500,EUR,2024-09-19,2025-05-14,,,Referral,2025-04-13,2025-04-09 03:26:33,opps_2024_10,,,v1,2025-04-09,OLDER_VERSION
OPP-000837,Lusitania Renewables - Identity & Access Management,ACC-10155,Lusitania Renewables SA,Felix Wagner,Cybersecurity,Identity & Access Management,Negotiation/Review,95,372800,CHF,2024-09-27,2024-12-15,,,Partner Referral,2025-01-03,2024-12-29 18:33:08,opps_2024_10,,,v1,2024-12-29,OLDER_VERSION
OPP-000862,Vistula Authority - Salesforce Implementation,ACC-10361,Vistula Authority SAS,Camille Bernard,ERP,Salesforce Implementation,Contracting,95,"€40,500",€,2024-10-02,2025-03-24,,,Hyperscaler Co-sell,2025-05-08,2025-05-06 17:38:17,opps_2024_10,,,v1,2025-05-06,OLDER_VERSION
OPP-000872,Oakridge Assurance - SAP S/4HANA Implementation,ACC-10622,Oakridge Assurance A/S,Sven Johansson,ERP and Business Applications,SAP S/4HANA Implementation,Discovery,20%,"4,764,100.00",DKK,2024-10-04,2024-11-11,,,Hyperscaler Co-sell,2024-11-14,2024-11-12 18:09:48,opps_2024_10,,,v1,2024-11-12,OLDER_VERSION
OPP-000883,Quadra Broadcast - Identity & Access Management,ACC-10579,Quadra Broadcast Sp. z o.o.,Jan Kowalski,Cybersecurity,Identity & Access Management,Proposal,80,196 000,EUR,2024-10-07,2024-12-15,,,Event,2025-02-22,2025-02-20 05:50:05,opps_2024_10,,,v1,2025-02-20,OLDER_VERSION
OPP-000896,Falkner Broadcast - Salesforce Implementation,ACC-10603,Falkner Broadcast SA,Lena Fischer,ERP & Business Apps,Salesforce Implementation,Negotiation,90%,506900,CHF,2024-10-09,2025-02-27,,,Hyperscaler Co-sell,2025-04-04,2025-04-02 21:42:10,opps_2024_10,,,v1,2025-04-02,OLDER_VERSION
OPP-001009,Falkner Finance - Identity & Access Management,ACC-10523,Falkner Finance AB,Sara Andersson,Cyber,Identity & Access Management,Solution Design,50,1271600,SEK,2024-11-07,2025-02-19,,,Website,2024-12-21,2024-12-18 04:48:23,opps_2024_11,,,v1,2024-12-18,OLDER_VERSION
OPP-001015,Kronberg Stores - Security Assessment,ACC-10114,Kronberg Stores S.p.A.,I. Ferreira,Cybersecurity,Security Assessment,Proposal,85,"€61,000",EUR,2024-11-09,2025-01-19,,,Website,2025-02-25,2025-02-21 05:43:04,opps_2024_11,,,v1,2025-02-21,OLDER_VERSION
OPP-001026,Zentra Motorenwerk - AI & GenAI Solutions,ACC-10272,Zentra Motorenwerk S.A.,Katarzyna Nowak,Data & AI,AI & GenAI Solutions,Discovery,20,499200,PLN,2024-11-11,2025-04-13,,,Event / Webinar,2024-12-15,2024-12-14 01:16:39,opps_2024_11,,,v1,2024-12-14,OLDER_VERSION
OPP-001039,Harbour Biotech - Analytics & BI,ACC-10065,Harbour Biotech SE,"Müller, Anna",Data & AI,Analytics & BI,proposal/quote,80,66000,EUR,2024-11-15,2025-04-23,,,Inbound - Website,10/06/2025,2025-06-06 03:57:08,opps_2024_11,,,v1,2025-06-06,OLDER_VERSION
OPP-001043,Moselle Capital - Identity & Access Management,ACC-10609,Moselle Capital N.V.,Sara Andersson,cybersecurity,Identity & Access Management,2 - Solution Design,50,104000,EUR,2024-11-17,2025-03-08,,,SDR,2025-09-17,2025-09-16 09:15:52,opps_2024_11,,,v1,2025-09-16,OLDER_VERSION
OPP-001108,Jadeport Logistics - Security Assessment,ACC-10501,Jadeport Logistics S.A.,Sara Andersson,cybersecurity,Security Assessment,Negotiation,95,62000,EUR,2024-11-30,2025-03-20,,,Inbound - Website,2025-04-22,2025-04-20 02:04:13,opps_2024_11,,,v1,2025-04-20,OLDER_VERSION
OPP-001142,Invicta Logistics - SAP S/4HANA Implementation,ACC-10657,Invicta Logistics plc,Grace Thompson,ERP & Business Apps,SAP S/4HANA Implementation,Discovery,10,328 500,GBP,2024-12-06,2025-03-13,,,Event / Webinar,2025-01-01,2024-12-28 13:20:02,opps_2024_12,,,v1,2024-12-28,OLDER_VERSION
OPP-001165,Invicta Capital - Data Platform Modernisation,ACC-10636,Invicta Capital Ltd,Ethan Clarke,Data and AI,Data Platform Modernisation,2 - Solution Design,70%,"188,500.00",gbp,2024-12-12,2025-05-20,,,Partner,2025-01-23,2025-01-18 17:43:52,opps_2024_12,,,v1,2025-01-18,OLDER_VERSION
OPP-001168,Cygnus Consumer - Analytics & BI,ACC-10451,Cygnus Consumer N.V.,Emma de Vries,Data & AI,Analytics & BI,4 - Negotiation,95,35000,EUR,2024-12-13,2025-03-30,,,Partner,2025-08-09,2025-08-05 12:50:04,opps_2024_12,,,v1,2025-08-05,OLDER_VERSION
OPP-001176,Nordwind Utilities - DevOps & Platform Engineering,ACC-10553,Nordwind Utilities NV,Pieter Janssens,Cloud and Infrastructure,DevOps & Platform Engineering,Proposal,80%,114000,,2024-12-14,2025-04-08,,,Inbound - Website,2025-02-24,2025-02-21 01:41:32,opps_2024_12,,,v1,2025-02-21,OLDER_VERSION
OPP-001193,Vektor Shipping - SAP S/4HANA Implementation,ACC-10306,Vektor Shipping SAS,Camille Bernard,ERP & Business Apps,SAP S/4HANA Implementation,Negotiation,95,649500,EUR,2024-12-18,2025-05-18,,,Inbound,2025-04-29,2025-04-24 19:17:43,opps_2024_12,,,v1,2025-04-24,OLDER_VERSION
OPP-001215,Alpenkraft Utilities - Application Support,ACC-10161,ALPENKRAFT UTILITIES AS,Sven Johansson,ERP & Business Apps,Application Support,Contracting,90,"1,952,400.00",NOK,2024-12-22,2025-05-11,,,Hyperscaler Co-sell,2025-08-24,2025-08-21 16:45:48,opps_2024_12,,,v1,2025-08-21,OLDER_VERSION
OPP-001238,Zentra Power - Security Assessment,ACC-10697,Zentra Power GmbH,Felix Wagner,Cyber Security,Security Assessment,4 - Negotiation,,94500,EUR,2024-12-27,2025-05-06,,,Partner Referral,2025-08-05,2025-08-01 23:13:39,opps_2024_12,,,v1,2025-08-01,OLDER_VERSION
OPP-001273,Castellan Telecom - Cloud Migration,ACC-10071,Castellan Telecom AB,Freja Nielsen,Cloud and Infrastructure,,Negotiation,95%,,SEK,2025-01-01,2025-03-09,,,Event / Webinar,2025-03-13,2025-03-08 21:20:39,opps_2025_01,,,v1,2025-03-08,OLDER_VERSION
OPP-001283,Hansa Clinics - Analytics & BI,ACC-10591,Hansa Clinics S.L.,Marco Rossi,Data & AI,Analytics & BI,4 - Negotiation,95,32500,EUR,2025-01-03,2025-06-16,,,Inbound - Website,22/05/2025,2025-05-19 14:51:20,opps_2025_01,,,v1,2025-05-19,OLDER_VERSION
OPP-001398,Orion Health - Managed Cloud Services,ACC-10244,Orion Health s.r.o.,Tomáš Novák,Cloud & Infrastructure,Managed Cloud Services,Solution Design,50,16749500,CZK,2025-01-27,2025-04-28,,,Inbound - Website,2025-07-23,2025-07-18 16:15:49,opps_2025_01,,,v1,2025-07-18,OLDER_VERSION
OPP-001448,Falkner Municipal Services - Security Assessment,ACC-10529,Falkner Municipal Services SA,Sara Andersson,Cybersecurity,Security Assessment,Contracting,95,69000,EUR,2025-02-07,2025-07-03,,,Event / Webinar,2025-07-15,2025-07-11 23:18:19,opps_2025_02,,,v1,2025-07-11,OLDER_VERSION
OPP-001469,Noord Clinics - DevOps & Platform Engineering,ACC-10062,Noord Clinics S.A.,Tomáš Novák,Cloud & Infrastructure,DevOps & Platform Engineering,Solution Design,70,117400,PLN,2025-02-10,2025-05-29,,,Inbound - Website,2025-06-26,2025-06-22 00:30:05,opps_2025_02,,,v1,2025-06-22,OLDER_VERSION
OPP-001599,Castellan Capital - Analytics & BI,ACC-10332,Castellan Capital N.V.,Emma de Vries,Data and AI,Analytics & BI,Negotiation/Review,95,84500,EUR,2025-03-09,2025-06-12,,,Hyperscaler Co-sell,2025-06-02,2025-05-29 16:47:58,opps_2025_03,,,v1,2025-05-29,OLDER_VERSION
OPP-001625,Saxon Foods - AI & GenAI Solutions,ACC-10522,Saxon Foods GmbH,Anna Müller,Data & AI,AI & GenAI Solutions,Solutioning,60,493000,EUR,2025-03-15,2025-08-21,,,Hyperscaler Co-sell,2025-04-15,2025-04-10 23:52:28,opps_2025_03,,,v1,2025-04-10,OLDER_VERSION
OPP-001681,Brightwater Finance - Application Support,ACC-10362,Brightwater Finance plc,"Thompson, Grace",ERP & Business Apps,Application Support,Qualification,30,"303,500.00",GBP,2025-03-25,2025-09-10,,,Inbound - Website,2025-05-22,2025-05-21 17:33:54,opps_2025_03,,,v1,2025-05-21,OLDER_VERSION
OPP-001752,Moselle Retail - Analytics & BI,ACC-10258,Moselle Retail Ltd,Ethan Clarke,Data & AI,Analytics & BI,Discovery,10,80600,GBP,2025-04-06,2025-09-10,,,Hyperscaler Co-sell,2025-04-09,2025-04-06 11:43:43,opps_2025_04,,,v1,2025-04-06,OLDER_VERSION
OPP-001775,Gallway Mobility - Salesforce Implementation,ACC-10486,Gallway Mobility S.A.,Paolo Conti,ERP & Business Apps,Salesforce Implementation,Discovery,20,417000,EUR,2025-04-11,2025-11-08,,,Partner Referral,2025-05-11,2025-05-09 15:49:05,opps_2025_04,,,v1,2025-05-09,OLDER_VERSION
OPP-001780,Olympia Logistics - Analytics & BI,ACC-10133,Olympia Logistics AG,Anna Müller,Data & AI,Analytics & BI,Proposal Sent,75,"68,000.00",EUR,2025-04-12,2025-09-07,,,Existing Customer (Upsell),2025-12-26,2025-12-25 16:55:16,opps_2025_04,,,v1,2025-12-25,OLDER_VERSION
OPP-001828,Noord Assurance - DevOps & Platform Engineering,ACC-10488,Noord Assurance S.A.,Tomáš Novák,Cloud & Infrastructure,DevOps & Platform Engineering,2 - Solution Design,60,261500,PLN,2025-04-22,2025-10-31,,,Existing Customer (Upsell),2025-09-14,2025-09-11 08:28:49,opps_2025_04,,,v1,2025-09-11,OLDER_VERSION
OPP-001850,Iberia Agency - Managed Cloud Services,ACC-10008,Iberia Agency S.A.,Mateo López,Cloud & Infrastructure,Managed Cloud Services,Discovery,,578500,EUR,2025-04-27,2026-04-10,,,Event / Webinar,2025-05-10,2025-05-08 01:39:32,opps_2025_04,,,v1,2025-05-08,OLDER_VERSION
OPP-001876,Corvina Industries - Data Platform Modernisation,ACC-10544,Corvina Industries N.V.,Emma de Vries,Data&AI,Data Platform Modernisation,Contracting,95,412500,EUR,2025-05-02,2025-08-01,,,Event / Webinar,2025-10-23,2025-10-18 05:21:27,opps_2025_05,,,v1,2025-10-18,OLDER_VERSION
OPP-001889,Ysolde Renewables - Managed Cloud Services,ACC-10102,Ysolde Renewables Oyj,Freja Nielsen,Cloud & Infrastructure,Managed Cloud Services,Negotiation,90%,"€690,500",EUR,2025-05-05,2025-06-21,,,Outbound - SDR,2025-07-14,2025-07-13 01:23:47,opps_2025_05,,,v1,2025-07-13,OLDER_VERSION
OPP-001898,Noord Components - Managed SOC,ACC-10460,Noord Components Sp. z o.o.,"Kowalski, Jan",Cybersecurity,Managed SOC,Negotiation,95,1479900,PLN,2025-05-07,2025-10-06,,,SDR,2025-08-28,2025-08-24 11:42:33,opps_2025_05,,,v1,2025-08-24,OLDER_VERSION
OPP-001942,Saxon Clinics - Security Assessment,ACC-10499,Saxon Clinics SA,David Moreau,Cybersecurity,Security Assessment,Discovery,40,69500,eur,2025-05-15,2025-12-17,,,Outbound - SDR,2025-10-24,2025-10-21 08:42:52,opps_2025_05,,,v1,2025-10-21,OLDER_VERSION
OPP-001990,Atlas Medical - Data Platform Modernisation,ACC-10345,Atlas Medical S.p.A.,Marco Rossi,Data&AI,Data Platform Modernisation,discovery,30,143500,EUR,2025-05-24,2025-09-30,,,Partner,2025-09-16,2025-09-13 01:11:46,opps_2025_05,,,v1,2025-09-13,OLDER_VERSION
OPP-002043,Rhein Automotive - Cloud Migration,ACC-10196,Rhein Automotive S.r.l.,Mateo López,Cloud & Infrastructure,Cloud Migration,Solution Design,70%,170000,EUR,2025-06-03,2025-11-10,,,Inbound - Website,29/08/2025,2025-08-26 19:18:48,opps_2025_06,,,v1,2025-08-26,OLDER_VERSION
OPP-002127,Harbour Finance - Security Assessment,ACC-10243,Harbour Finance plc,Tom Barker,Cybersecurity,Security Assessment,discovery,20,44700,GBP,2025-06-19,2025-10-11,,,Inbound - Website,2025-08-16,2025-08-12 17:06:08,opps_2025_06,,,v1,2025-08-12,OLDER_VERSION
OPP-002185,Baltica Precision - Salesforce Implementation,ACC-10275,,,ERP_APPS,Salesforce Implementation,Stage 1: Discovery (0-50%),20,3773900.00,NOK,01/07/2025,04/10/2025,,,Existing Customer,17/07/2025,13/07/2025 13:56,opps_2025_07,sven.johansson@nexora-consulting.eu,Pipeline,v2,2025-07-13,OLDER_VERSION
OPP-002274,Riviera Renewables - Data Platform Modernisation,ACC-10627,,,DATA_AI,Data Platform Modernisation,Stage 4: Negotiation (90-100%),0.95,12892400,SEK,18/07/2025,23/11/2025,,,Existing Customer (Upsell),18/11/2025,17/11/2025 04:00,opps_2025_07,mikael.lindqvist@nexora-consulting.eu,Commit,v2,2025-11-17,OLDER_VERSION
OPP-002423,Karlsson Grid - Analytics & BI,ACC-10491,,,DATA_AI,Analytics & BI,Stage 2: Solution Design (50-75%),70,44500,EUR,11/08/2025,30/12/2025,,,Partner Referral,14/01/2026,09/01/2026 01:58,opps_2025_08,marco.rossi@nexora-consulting.eu,Pipeline,v2,2026-01-09,OLDER_VERSION
OPP-002432,Zentra Transport - Managed Cloud Services,ACC-10621,,,CLOUD,Managed Cloud Services,Stage 1: Discovery (0-50%),20,"778,600.00",PLN,13/08/2025,19/11/2025,,,Upsell,17/09/2025,15/09/2025 15:41,opps_2025_08,tomas.novak@nexora-consulting.eu,Pipeline,v2,2025-09-15,OLDER_VERSION
OPP-002446,Estrella Motorenwerk - AI & GenAI Solutions,ACC-10542,,,DATA_AI,AI & GenAI Solutions,Stage 1: Discovery (0-50%),10,"340,000.00",EUR,16/08/2025,20/01/2026,,,Upsell,07/10/2025,03/10/2025 20:47,opps_2025_08,niamh.walsh@nexora-consulting.eu,Pipeline,v2,2025-10-03,OLDER_VERSION
OPP-002449,Lusitania Health - SAP S/4HANA Implementation,ACC-10433,,,ERP_APPS,SAP S/4HANA Implementation,Stage 4: Negotiation (90-100%),0.9,449500,EUR,16/08/2025,07/02/2026,,,Existing Customer,29.08.2026,25/08/2026 09:49,opps_2025_08,camille.bernard@nexora-consulting.eu,Commit,v2,2026-08-25,OLDER_VERSION
OPP-002493,Novara Finance - Managed Cloud Services,ACC-10204,,,CLOUD,Managed Cloud Services,Stage 3: Proposal (75-90%),75,184500,EUR,21/08/2025,03/01/2026,,,Existing Customer (Upsell),25/11/2025,24/11/2025 00:34,opps_2025_08,pieter.janssens@nexora-consulting.eu,Best Case,v2,2025-11-24,OLDER_VERSION
OPP-002508,Dunmore Motorenwerk - AI & GenAI Solutions,ACC-10298,,,DATA_AI,AI & GenAI Solutions,Stage 1: Discovery (0-50%),40,974400,NOK,23/08/2025,21/10/2025,,,Existing Customer (Upsell),31/08/2025,27/08/2025 18:24,opps_2025_08,mikael.lindqvist@nexora-consulting.eu,Pipeline,v2,2025-08-27,OLDER_VERSION
OPP-002516,Alpenkraft Renewables - AI & GenAI Solutions,ACC-10152,,,DATA_AI,AI & GenAI Solutions,Stage 2: Solution Design (50-75%),0.7,211000,€,25/08/2025,02/12/2025,,,Inbound - Website,24/10/2025,21/10/2025 00:56,opps_2025_08,marco.rossi@nexora-consulting.eu,Pipeline,v2,2025-10-21,OLDER_VERSION
OPP-002519,Valora Stores - Cloud Migration,ACC-10685,,,CLOUD,Cloud Migration,Solution Design,0.5,243500,EUR,25/08/2025,11/12/2025,,,Referral,16/02/2026,13/02/2026 07:24,opps_2025_08,lukas.schneider@nexora-consulting.eu,Pipeline,v2,2026-02-13,OLDER_VERSION
OPP-002537,Stellaris Motorenwerk - AI & GenAI Solutions,ACC-10331,,,DATA_AI,AI & GenAI Solutions,Stage 4: Negotiation (90-100%),95,"€126,000",EUR,28/08/2025,25/01/2026,,,Inbound - Website,15/11/2025,10/11/2025 19:31,opps_2025_08,anna.muller@nexora-consulting.eu,Commit,v2,2025-11-10,OLDER_VERSION
OPP-002541,Bergmann Invest - Analytics & BI,ACC-10216,,,DATA_AI,Analytics & BI,Negotiation,0.9,70000,EUR,29/08/2025,17/02/2026,,,Existing Customer,02/03/2026,28/02/2026 07:43,opps_2025_08,hugo.laurent@nexora-consulting.eu,Commit,v2,2026-02-28,OLDER_VERSION
OPP-002557,Saxon Stores - Data Platform Modernisation,ACC-10034,,,DATA_AI,Data Platform Modernisation,Negotiation,95,442500.00,PLN,01/09/2025,19/01/2026,,,Partner Referral,20/02/2026,17/02/2026 20:27,opps_2025_09,katarzyna.nowak@nexora-consulting.eu,Commit,v2,2026-02-17,OLDER_VERSION
OPP-002560,Borealis Networks - Application Support,ACC-10666,,,ERP_APPS,Application Support,Stage 1: Discovery (0-50%),40,174 500,EUR,02/09/2025,05/01/2026,,,Existing Customer (Upsell),12/10/2025,09/10/2025 09:45,opps_2025_09,julia.hoffmann@nexora-consulting.eu,Pipeline,v2,2025-10-09,OLDER_VERSION
OPP-002577,Gallway Consumer - AI & GenAI Solutions,ACC-10513,,,DATA_AI,AI & GenAI Solutions,Stage 3: Proposal (75-90%),85,71400,GBP,2025-09-06,06/12/2025,,,Existing Customer (Upsell),24/11/2025,21/11/2025 18:24,opps_2025_09,niamh.walsh@nexora-consulting.eu,Commit,v2,2025-11-21,OLDER_VERSION
OPP-002623,Solvik Telecom - Data Platform Modernisation,ACC-10177,,,DATA_AI,Data Platform Modernisation,Stage 4: Negotiation (90-100%),0.95,331100,CHF,15/09/2025,24/01/2026,,,Inbound - Website,14/06/2026,12/06/2026 13:44,opps_2025_09,anna.muller@nexora-consulting.eu,Commit,v2,2026-06-12,OLDER_VERSION
OPP-002643,Meridian Agency - AI & GenAI Solutions,ACC-10424,,,DATA_AI,AI & GenAI Solutions,Stage 1: Discovery (0-50%),0.1,"173,000.00",EUR,19/09/2025,16/02/2026,,,Partner Referral,11/11/2025,09/11/2025 04:46,opps_2025_09,HUGO.LAURENT@NEXORA-CONSULTING.EU,Best Case,v2,2025-11-09,OLDER_VERSION
OPP-002651,Vektor Motorenwerk - DevOps & Platform Engineering,ACC-10510,,,CLOUD,DevOps & Platform Engineering,Solution Design,50,38500,EUR,20/09/2025,30/12/2025,,,Outbound - SDR,02.11.2025,28/10/2025 20:25,opps_2025_09,lukas.schneider@nexora-consulting.eu,Pipeline,v2,2025-10-28,OLDER_VERSION
OPP-002666,Alpenkraft Grid - DevOps & Platform Engineering,ACC-10705,,,CLOUD,DevOps & Platform Engineering,Stage 2: Solution Design (50-75%),70,61500,€,22/09/2025,22/12/2025,,,Hyperscaler Co-sell,02/12/2025,30/11/2025 06:06,opps_2025_09,pieter.janssens@nexora-consulting.eu,Pipeline,v2,2025-11-30,OLDER_VERSION
OPP-002683,Aurora Grid - Security Assessment,ACC-10688,,,CYBER,Security Assessment,Stage 4: Negotiation (90-100%),90,1 789 500,CZK,26/09/2025,24/12/2025,,,Existing Customer (Upsell),07/01/2026,03/01/2026 15:47,opps_2025_09,jan.kowalski@nexora-consulting.eu,Pipeline,v2,2026-01-03,OLDER_VERSION
OPP-002732,Borealis Clinics - AI & GenAI Solutions,ACC-10397,,,DATA_AI,AI & GenAI Solutions,Stage 2: Solution Design (50-75%),0.5,334500,EUR,05/10/2025,14/03/2026,,,Partner,22/12/2025,18/12/2025 14:26,opps_2025_10,emma.devries@nexora-consulting.eu,Pipeline,v2,2025-12-18,OLDER_VERSION
OPP-002771,Iberia Pharma - Cloud Migration,ACC-10051,,,CLOUD,Cloud Migration,Stage 3: Proposal (75-90%),75,286500,EUR,10/10/2025,16/02/2026,,,Existing Customer,24/02/2026,22/02/2026 12:34,opps_2025_10,lukas.schneider@nexora-consulting.eu,Pipeline,v2,2026-02-22,OLDER_VERSION
OPP-002873,Juniper Medical - DevOps & Platform Engineering,ACC-10145,,,CLOUD,DevOps & Platform Engineering,Stage 2: Solution Design (50-75%),0.7,22000,EUR,2025-10-26,10/05/2026,,,Hyperscaler Co-sell,11/12/2025,07/12/2025 10:41,opps_2025_10,pieter.janssens@nexora-consulting.eu,Pipeline,v2,2025-12-07,OLDER_VERSION
OPP-002963,Silverline Automotive - Cloud Migration,ACC-10225,,,CLOUD,Cloud Migration,Stage 4: Negotiation (90-100%),95,1557100.00,PLN,12/11/2025,12/03/2026,,,Inbound - Website,22/02/2026,20/02/2026 18:01,opps_2025_11,tomas.novak@nexora-consulting.eu,Commit,v2,2026-02-20,OLDER_VERSION
OPP-002970,Isola Mobility - Security Assessment,ACC-10066,,,CYBER,Security Assessment,Stage 1: Discovery (0-50%),0.4,296000,EUR,14/11/2025,13/02/2026,,,Event,03/01/2026,30/12/2025 16:34,opps_2025_11,sara.andersson@nexora-consulting.eu,Pipeline,v2,2025-12-30,OLDER_VERSION
OPP-003008,Rhein Freight - Data Platform Modernisation,ACC-10308,,,DATA_AI,Data Platform Modernisation,Stage 4: Negotiation (90-100%),95,9538800,CZK,23/11/2025,29/01/2026,,,Existing Customer (Upsell),21/06/2026,18/06/2026 03:28,opps_2025_11,katarzyna.nowak@nexora-consulting.eu,Commit,v2,2026-06-18,OLDER_VERSION
OPP-003019,Quadra Logistics - Application Support,ACC-10706,,,ERP_APPS,Application Support,Stage 2: Solution Design (50-75%),70,325000,EUR,25/11/2025,08/05/2026,,,Inbound,27/05/2026,24/05/2026 02:28,opps_2025_11,julia.hoffmann@nexora-consulting.eu,Pipeline,v2,2026-05-24,OLDER_VERSION
OPP-003059,Invicta Consumer - DevOps & Platform Engineering,ACC-10054,,,CLOUD,DevOps & Platform Engineering,Stage 3: Proposal (75-90%),0.85,58500,EUR,2025-12-01,14/02/2026,,,Event / Webinar,25/02/2026,24/02/2026 04:25,opps_2025_12,oliver.hughes@nexora-consulting.eu,Best Case,v2,2026-02-24,OLDER_VERSION
OPP-003068,Ysolde Brands - Data Platform Modernisation,ACC-10673,,,DATA_AI,Data Platform Modernisation,Discovery,20,243000,EUR,03/12/2025,2026-03-07,,,Partner Referral,15/01/2026,11/01/2026 20:08,opps_2025_12,elena.bianchi@nexora-consulting.eu,Pipeline,v2,2026-01-11,OLDER_VERSION
OPP-003111,Jadeport Industries - Cloud Migration,ACC-10635,,,CLOUD,Cloud Migration,Stage 2: Solution Design (50-75%),50,"€278,500",EUR,12/12/2025,17/03/2026,,,Upsell,18/01/2026,17/01/2026 21:11,opps_2025_12,chloe.martin@nexora-consulting.eu,Pipeline,v2,2026-01-17,OLDER_VERSION
OPP-003155,Westbrook Power - Data Platform Modernisation,ACC-10765,,,DATA_AI,Data Platform Modernisation,Stage 2: Solution Design (50-75%),70,"€242,000",EUR,20/12/2025,2026-05-03,,,Existing Customer (Upsell),25/02/2026,21/02/2026 20:04,opps_2025_12,hugo.laurent@nexora-consulting.eu,Pipeline,v2,2026-02-21,OLDER_VERSION
OPP-003227,Helvetia Brands - Salesforce Implementation,ACC-10198,,,ERP_APPS,Salesforce Implementation,Stage 1: Discovery (0-50%),10,88000,EUR,31/12/2025,07/06/2026,,,Existing Customer (Upsell),08/01/2026,03/01/2026 13:22,opps_2025_12,camille.bernard@nexora-consulting.eu,Pipeline,v2,2026-01-03,OLDER_VERSION
OPP-003273,Aurora Invest - Analytics & BI,ACC-10662,,,DATA_AI,Analytics & BI,Solution Design,0.7,97800,gbp,08/01/2026,28/05/2026,,,Existing Customer (Upsell),31/01/2026,30/01/2026 16:08,opps_2026_01,niamh.walsh@nexora-consulting.eu,Pipeline,v2,2026-01-30,OLDER_VERSION
OPP-003282,Estrella Grid - Application Support,ACC-10127,,,ERP_APPS,Application Support,Stage 2: Solution Design (50-75%),60,693000,EUR,10/01/2026,24/04/2026,,,Existing Customer (Upsell),15/03/2026,11/03/2026 00:31,opps_2026_01,paolo.conti@nexora-consulting.eu,Pipeline,v2,2026-03-11,OLDER_VERSION
OPP-003316,Borealis Consumer - Analytics & BI,ACC-10100,,,DATA_AI,Analytics & BI,Stage 3: Proposal (75-90%),0.75,315600,DKK,16/01/2026,02/06/2026,,,Existing Customer (Upsell),13/05/2026,10/05/2026 07:21,opps_2026_01,mikael.lindqvist@nexora-consulting.eu,Best Case,v2,2026-05-10,OLDER_VERSION
OPP-003318,Baltica Telecom - Managed Cloud Services,ACC-10650,,,CLOUD,Managed Cloud Services,Stage 3: Proposal (75-90%),0.75,101 000,EUR,16/01/2026,2026-05-10,,,Inbound - Website,19/03/2026,17/03/2026 09:47,opps_2026_01,lukas.schneider@nexora-consulting.eu,Best Case,v2,2026-03-17,OLDER_VERSION
OPP-003321,Corvina Finance - DevOps & Platform Engineering,ACC-10093,,,CLOUD,DevOps & Platform Engineering,Discovery,40,144000,EUR,16/01/2026,29/05/2026,,,Hyperscaler Co-sell,23/02/2026,19/02/2026 11:25,opps_2026_01,freja.nielsen@nexora-consulting.eu,Pipeline,v2,2026-02-19,OLDER_VERSION
OPP-003324,Westbrook Power - DevOps & Platform Engineering,ACC-10417,,,CLOUD,DevOps & Platform Engineering,Stage 1: Discovery (0-50%),40,85500,EUR,17/01/2026,22/05/2026,,,Existing Customer (Upsell),02/02/2026,28/01/2026 20:23,opps_2026_01,chloe.martin@nexora-consulting.eu,Pipeline,v2,2026-01-28,OLDER_VERSION
OPP-003336,Karlsson Freight - Data Platform Modernisation,ACC-10676,,,DATA_AI,,Stage 4: Negotiation (90-100%),95,237000,EUR,19/01/2026,23/03/2026,,,Upsell,27/04/2026,24/04/2026 13:41,opps_2026_01,EMMA.DEVRIES@NEXORA-CONSULTING.EU,Commit,v2,2026-04-24,OLDER_VERSION
OPP-003349,Karlsson Automotive - Managed SOC,ACC-10619,,,CYBER,Managed SOC,Stage 1: Discovery (0-50%),40,246000,eur,21/01/2026,14/06/2026,,,Existing Customer,09/02/2026,04/02/2026 18:31,opps_2026_01,isabel.ferreira@nexora-consulting.eu,Pipeline,v2,2026-02-04,OLDER_VERSION
OPP-003409,Falkner Finance - Managed SOC,ACC-10523,,,CYBER,Managed SOC,Stage 4: Negotiation (90-100%),0.95,1921700,SEK,30/01/2026,15/07/2026,,,Outbound - SDR,12/07/2026,09/07/2026 02:40,opps_2026_01,sara.andersson@nexora-consulting.eu,Commit,v2,2026-07-09,OLDER_VERSION
OPP-003508,Jadeport Pharma - Identity & Access Management,ACC-10052,,,CYBER,Identity & Access Management,Stage 1: Discovery (0-50%),0.1,69000,EUR,14/02/2026,18/05/2026,,,Inbound - Website,02/04/2026,31/03/2026 21:29,opps_2026_02,sara.andersson@nexora-consulting.eu,Pipeline,v2,2026-03-31,OLDER_VERSION
OPP-003598,Valora Motorenwerk - DevOps & Platform Engineering,ACC-10395,,,CLOUD,DevOps & Platform Engineering,Stage 2: Solution Design (50-75%),0.6,388 700,CZK,02/03/2026,05/06/2026,,,Existing Customer (Upsell),21/04/2026,17/04/2026 20:36,opps_2026_03,tomas.novak@nexora-consulting.eu,Pipeline,v2,2026-04-17,OLDER_VERSION
OPP-003634,Karlsson Connect - Application Support,ACC-10031,,,ERP_APPS,Application Support,Negotiation,90,184500,EUR,09/03/2026,31/08/2026,,,Partner Referral,21/06/2026,20/06/2026 00:43,opps_2026_03,lena.fischer@nexora-consulting.eu,Commit,v2,2026-06-20,OLDER_VERSION
OPP-003675,Zentra Stores - Analytics & BI,ACC-10461,,,DATA_AI,Analytics & BI,Stage 2: Solution Design (50-75%),70,28000,EUR,15/03/2026,12.09.2026,,,AWS/Azure Co-sell,05/08/2026,04/08/2026 07:13,opps_2026_03,elena.bianchi@nexora-consulting.eu,Pipeline,v2,2026-08-04,OLDER_VERSION
OPP-003680,Isola Components - Managed Cloud Services,ACC-10668,,,CLOUD,Managed Cloud Services,Stage 1: Discovery (0-50%),10,666500,EUR,15/03/2026,16/06/2026,,,Event / Webinar,20/05/2026,17/05/2026 03:25,opps_2026_03,mateo.lopez@nexora-consulting.eu,Pipeline,v2,2026-05-17,OLDER_VERSION
OPP-003716,Arcadia Consumer - Data Platform Modernisation,ACC-10575,,,DATA_AI,Data Platform Modernisation,Stage 2: Solution Design (50-75%),0.5,86500,GBP,21/03/2026,23/07/2026,,,Outbound,22/08/2026,20/08/2026 02:26,opps_2026_03,niamh.walsh@nexora-consulting.eu,Pipeline,v2,2026-08-20,OLDER_VERSION
OPP-003738,Harbour Automotive - DevOps & Platform Engineering,ACC-10353,,,CLOUD,DevOps & Platform Engineering,Stage 1: Discovery (0-50%),10,281500,EUR,2026-03-25,02/09/2026,,,Event / Webinar,2026-05-10,07/05/2026 06:43,opps_2026_03,mateo.lopez@nexora-consulting.eu,Pipeline,v2,2026-05-07,OLDER_VERSION
OPP-003775,Vektor Components - Analytics & BI,ACC-10756,,,DATA_AI,Analytics & BI,Stage 1: Discovery (0-50%),0.2,110500,EUR,31/03/2026,29/10/2026,,,Inbound - Website,14/04/2026,11/04/2026 14:21,opps_2026_03,hugo.laurent@nexora-consulting.eu,Pipeline,v2,2026-04-11,OLDER_VERSION
OPP-003781,Orion Automotive - Cloud Migration,ACC-10435,,,CLOUD,Cloud Migration,Stage 2: Solution Design (50-75%),,"520,000.00",EUR,01/04/2026,07/08/2026,,,Existing Customer (Upsell),06/06/2026,04/06/2026 17:02,opps_2026_04,mateo.lopez@nexora-consulting.eu,Commit,v2,2026-06-04,OLDER_VERSION
OPP-003854,Castellan Invest - AI & GenAI Solutions,ACC-10072,,,DATA_AI,AI & GenAI Solutions,Stage 1: Discovery (0-50%),0.1,52500,EUR,11/04/2026,19/11/2026,,,Outbound - SDR,31/05/2026,29/05/2026 16:29,opps_2026_04,elena.bianchi@nexora-consulting.eu,Pipeline,v2,2026-05-29,OLDER_VERSION
OPP-003861,Saxon Foods - Managed Cloud Services,ACC-10522,,,CLOUD,Managed Cloud Services,Solution Design,50,459000,EUR,13/04/2026,17/09/2026,,,Outbound - SDR,05/09/2026,16/07/2026 11:36,opps_2026_04,lukas.schneider@nexora-consulting.eu,Pipeline,v2,2026-07-16,OLDER_VERSION
OPP-003876,Riviera Finance - Managed Cloud Services,ACC-10120,,,CLOUD,Managed Cloud Services,Stage 4: Negotiation (90-100%),0.95,295000,EUR,15/04/2026,20/08/2026,,,Inbound - Website,03/08/2026,01/08/2026 02:54,opps_2026_04,pieter.janssens@nexora-consulting.eu,Commit,v2,2026-08-01,OLDER_VERSION
OPP-003905,Solvik Agency - Security Assessment,ACC-10611,,,CYBER,Security Assessment,Stage 1: Discovery (0-50%),0.2,39 000,EUR,20/04/2026,07/08/2026,,,Hyperscaler Co-sell,21/07/2026,21/04/2026 09:32,opps_2026_04,isabel.ferreira@nexora-consulting.eu,Pipeline,v2,2026-04-21,OLDER_VERSION
OPP-004029,Silverline Medical - Managed SOC,ACC-10371,,,CYBER,Managed SOC,Stage 1: Discovery (0-50%),0.1,215000,EUR,12/05/2026,12/10/2026,,,Outbound,16/06/2026,13/06/2026 12:31,opps_2026_05,sara.andersson@nexora-consulting.eu,Pipeline,v2,2026-06-13,OLDER_VERSION
OPP-004054,Lindholm Precision - DevOps & Platform Engineering,ACC-10091,,,CLOUD,DevOps & Platform Engineering,Stage 3: Proposal (75-90%),85,109 000,EUR,15/05/2026,01/09/2026,,,Partner Referral,18/07/2026,17/07/2026 04:56,opps_2026_05,lukas.schneider@nexora-consulting.eu,Best Case,v2,2026-07-17,OLDER_VERSION
OPP-004126,Noord Authority - Managed Cloud Services,ACC-10427,,,CLOUD,Managed Cloud Services,Discovery,40,607700,GBP,26/05/2026,12/11/2026,,,Existing Customer (Upsell),12/09/2026,20/08/2026 21:16,opps_2026_05,oliver.hughes@nexora-consulting.eu,Pipeline,v2,2026-08-20,OLDER_VERSION
OPP-004136,Lumen Components - Cloud Migration,ACC-10524,,,CLOUD,Cloud Migration,Stage 1: Discovery (0-50%),40,602800,PLN,27/05/2026,11/11/2026,,,Existing Customer (Upsell),06/07/2026,04/07/2026 21:05,opps_2026_05,tomas.novak@nexora-consulting.eu,Pipeline,v2,2026-07-04,OLDER_VERSION
OPP-004175,Silverline Industries - SAP S/4HANA Implementation,ACC-10343,,,ERP_APPS,SAP S/4HANA Implementation,Stage 1: Discovery (0-50%),0.4,753500,EUR,02/06/2026,29/09/2026,,,Existing Customer (Upsell),31/08/2026,18/08/2026 11:56,opps_2026_06,sven.johansson@nexora-consulting.eu,Pipeline,v2,2026-08-18,OLDER_VERSION
OPP-004201,Noord Components - Cloud Migration,ACC-10460,,,CLOUD,Cloud Migration,Stage 2: Solution Design (50-75%),70,365500,EUR,07/06/2026,27/11/2026,,,Existing Customer (Upsell),24/08/2026,27/08/2026 11:58,opps_2026_06,tomas.novak@nexora-consulting.eu,Pipeline,v2,2026-08-27,OLDER_VERSION
OPP-004269,Jadeport Foods - DevOps & Platform Engineering,ACC-10157,,,CLOUD,DevOps & Platform Engineering,Solution Design,60,37000.00,EUR,18.06.2026,25/08/2026,,,Existing Customer (Upsell),11/07/2026,07/07/2026 17:58,opps_2026_06,oliver.hughes@nexora-consulting.eu,Pipeline,v2,2026-07-07,OLDER_VERSION
OPP-004297,Brightwater Bank - DevOps & Platform Engineering,ACC-10142,,,CLOUD,DevOps & Platform Engineering,Stage 2: Solution Design (50-75%),70,76000,EUR,21/06/2026,2026-11-13,,,Inbound - Website,20/08/2026,13/08/2026 10:59,opps_2026_06,mateo.lopez@nexora-consulting.eu,Pipeline,v2,2026-08-13,OLDER_VERSION
OPP-004398,Zentra Transport - Data Platform Modernisation,ACC-10621,,,DATA_AI,Data Platform Modernisation,Stage 1: Discovery (0-50%),30,585500,PLN,07/07/2026,01/11/2026,,,Existing Customer (Upsell),16/08/2026,12/08/2026 18:42,opps_2026_07,katarzyna.nowak@nexora-consulting.eu,Pipeline,v2,2026-08-12,OLDER_VERSION
OPP-004448,Aurora Broadcast - Data Platform Modernisation,ACC-10259,,,DATA_AI,Data Platform Modernisation,Discovery,10,"330,500.00",EUR,16/07/2026,25/11/2026,,,Hyperscaler Co-sell,10/08/2026,08/08/2026 06:03,opps_2026_07,elena.bianchi@nexora-consulting.eu,Pipeline,v2,2026-08-08,OLDER_VERSION
OPP-004522,Lusitania Renewables - Security Assessment,ACC-10155,,,CYBER,Security Assessment,Discovery,0.1,"75,100.00",CHF,26/07/2026,04/12/2026,,,Outbound - SDR,02/09/2026,09/08/2026 02:08,opps_2026_07,felix.wagner@nexora-consulting.eu,Best Case,v2,2026-08-09,OLDER_VERSION
OPP-004568,Saxon Finance - AI & GenAI Solutions,ACC-10583,,,DATA_AI,AI & GenAI Solutions,Stage 1: Discovery (0-50%),0.4,153 000,EUR,04/08/2026,2027-01-13,,,Existing Customer (Upsell),13/09/2026,09/09/2026 15:23,opps_2026_08,hugo.laurent@nexora-consulting.eu,Pipeline,v2,2026-09-09,OLDER_VERSION
OPP-004660,Vistula Precision - Cloud Migration,ACC-10718,,,CLOUD,Cloud Migration,Discovery,40,1059400,NOK,18/08/2026,17/11/2026,,,Existing Customer,14/09/2026,06/09/2026 16:14,opps_2026_08,freja.nielsen@nexora-consulting.eu,Pipeline,v2,2026-09-06,OLDER_VERSION
OPP-004698,Vektor Renewables - Analytics & BI,ACC-10526,,,DATA_AI,Analytics & BI,Stage 1: Discovery (0-50%),10,64500,EUR,24/08/2026,17/02/2027,,,Inbound - Website,10/09/2026,29/08/2026 09:56,opps_2026_08,ethan.clarke@nexora-consulting.eu,Pipeline,v2,2026-08-29,OLDER_VERSION
OPP-990001,TEST - please ignore,ACC-00000,ACME Test Account,CRM Admin,Data&AI,AI & GenAI Solutions,Closed Lost,0,1,NOK,2024-11-01,2024-12-19,2024-11-28,,Existing Customer (Upsell),2024-11-28,2024-11-28 17:00:00,opps_2024_11,,,v1,,TEST_RECORD
OPP-990002,TEST - please ignore,ACC-00000,ACME Test Account,CRM Admin,Data&AI,Analytics & BI,Lost,0,1,GBP,2025-03-01,2025-08-20,2025-04-04,,Hyperscaler Co-sell,2025-04-04,2025-04-04 21:29:15,opps_2025_03,,,v1,,TEST_RECORD
OPP-990003,TEST - please ignore,ACC-00000,ACME Test Account,CRM Admin,CLOUD,Cloud Migration,Lost,0,1,GBP,2025-06-01,2025-09-09,2025-10-09,Price,Existing Customer (Upsell),2025-10-09,2025-10-09 17:00:00,opps_2025_06,,,v1,,TEST_RECORD
OPP-990004,TEST - please ignore,ACC-00000,,,ERP_APPS,SAP S/4HANA Implementation,Closed Lost,0.0,1,EUR,01/09/2025,22/01/2026,22/11/2025,No Decision / Stalled,Existing Customer (Upsell),22/11/2025,22/11/2025 17:00,opps_2025_09,crm.admin@nexora-consulting.eu,Omitted,v2,,TEST_RECORD
OPP-990005,TEST - please ignore,ACC-00000,,,ERP_APPS,SAP S/4HANA Implementation,Closed Lost,0.0,1,EUR,01/09/2025,22/01/2026,22/11/2025,No Decision / Stalled,Existing Customer (Upsell),22/11/2025,22/11/2025 17:00,opps_2025_09,crm.admin@nexora-consulting.eu,Omitted,v2,,TEST_RECORD
OPP-990006,TEST - please ignore,ACC-00000,,,CYBER,Identity & Access Management,Closed Lost,0,1,EUR,01/11/2025,30/04/2026,09/02/2026,No Decision / Stalled,Hyperscaler Co-sell,09/02/2026,09/02/2026 17:00,opps_2025_11,crm.admin@nexora-consulting.eu,Omitted,v2,,TEST_RECORD
OPP-000169,Delta Automotive - Identity & Access Management,ACC-10465,Delta Automotive Lda,Isabel Ferreira,Cybersecurity,Identity & Access Management,Closed Won,100%,171000,EUR,2024-05-07,2024-10-08,2024-09-23,,Event / Webinar,2024-09-23,2024-09-23 18:55:57,opps_2024_10,,,v1,,EXACT_DUPLICATE
OPP-000232,Lindholm Telecom - DevOps & Platform Engineering,ACC-10565,Lindholm Telecom S.r.l.,Mateo López,CLOUD,,closed won,100%,535000,EUR,2024-05-21,2024-09-25,2025-01-10,,Hyperscaler Co-sell,2025-01-10,2025-01-10 19:40:38,opps_2024_10,,,v1,,EXACT_DUPLICATE
OPP-000281,Falkner Pharma - Salesforce Implementation,ACC-10112,FALKNER PHARMA GMBH,Julia Hoffmann,ERP & Business Apps,Salesforce Implementation,Closed Won,100%,282500,EUR,2024-06-01,2024-08-07,2024-11-07,,Webinar,2024-11-07,2024-11-07 19:00:35,opps_2024_10,,,v1,,EXACT_DUPLICATE
OPP-000307,Oakridge Assurance - DevOps & Platform Engineering,ACC-10622,Oakridge Assurance A/S,freja nielsen,Cloud and Infrastructure,DevOps & Platform Engineering,Closed - Lost,0,496800,DKK,2024-06-07,2024-10-06,2024-08-12,Stalled,Inbound - Website,2024-08-12,2024-08-12 17:00:00,opps_2024_10,,,v1,,EXACT_DUPLICATE
OPP-000453,Meridian Freight - DevOps & Platform Engineering,ACC-10185,Meridian Freight SA,Chloé Martin,Cloud & Infrastructure,DevOps & Platform Engineering,Closed Won,100%,"111,000.00",EUR,2024-07-06,2024-10-12,2024-10-07,,Partner Referral,2024-10-07,2024-10-07 17:00:00,opps_2024_10,,,v1,,EXACT_DUPLICATE
OPP-000525,Arcadia Industries - Cloud Migration,ACC-10623,Arcadia Industries S.A.,Tomáš Novák,Cloud & Infrastructure,,Lost,0,504400,PLN,2024-07-19,2024-12-21,2024-09-08,,Outbound - SDR,2024-09-08,2024-09-08 17:00:00,opps_2024_10,,,v1,,EXACT_DUPLICATE
OPP-000623,Gallway Assurance - Salesforce Implementation,ACC-10505,Gallway Assurance Ltd,G. Thompson,ERP & Business Apps,Salesforce Implementation,Closed Won,100%,130200,GBP,2024-08-12,2024-11-19,2024-11-19,,Event,2024-11-19,2024-11-19 17:00:00,opps_2024_10,,,v1,,EXACT_DUPLICATE
OPP-000670,Orion Industries - Analytics & BI,ACC-10253,Orion Industries S.L.,Marco Rossi,Data & AI,Analytics & BI,Closed Lost,0,29500,EUR,2024-08-21,2025-03-31,2024-10-25,No Decision / Stalled,Inbound - Website,2024-10-25,2024-10-25 17:00:00,opps_2024_10,,,v1,,EXACT_DUPLICATE
OPP-000752,Vektor Shipping - Application Support,ACC-10306,Vektor Shipping SAS,Camille Bernard,ERP,Application Support,closed lost,0,153000,EUR,2024-09-09,2024-12-16,2024-11-24,Lost to Competitor,Event,2024-11-24,2024-11-24 21:17:25,opps_2024_10,,,v1,,EXACT_DUPLICATE
OPP-000767,Karlsson Freight - Application Support,ACC-10676,Karlsson Freight B.V.,Lena Fischer,ERP & Business Apps,Application Support,Closed - Lost,0%,37000,EUR,2024-09-13,2024-12-17,2024-11-27,Stalled,Partner Referral,2024-11-27,2024-11-27 18:10:21,opps_2024_10,,,v1,,EXACT_DUPLICATE
OPP-000860,Hansa Bank - Security Assessment,ACC-10555,Hansa Bank SA,David Moreau,Cybersecurity,Security Assessment,5 - Closed Won,100,23500,EUR,2024-10-02,2025-05-01,2025-02-28,,Existing Customer,2025-02-28,2025-02-28 17:00:00,opps_2024_10,,,v1,,EXACT_DUPLICATE
OPP-000960,Noord Components - Cloud Migration,ACC-10460,Noord Components Sp. z o.o.,Tomáš Novák,Cloud & Infrastructure,Cloud Migration,closed lost,0%,2913100,PLN,2024-10-23,2024-12-21,2024-12-06,,Outbound - SDR,2024-12-06,2024-12-06 17:00:00,opps_2024_10,,,v1,,EXACT_DUPLICATE
OPP-001008,Alpenkraft Finance - Managed Cloud Services,ACC-10738,Alpenkraft Finance SA,Chloé Martin,Cloud & Infrastructure,Managed Cloud Services,Closed Lost,0,"324,000.00",EUR,2024-11-07,2025-04-14,27/03/2025,PRICE,Outbound,2025-03-27,2025-03-27 18:34:00,opps_2024_11,,,v1,,EXACT_DUPLICATE
OPP-001130,Nordwind Foods - Salesforce Implementation,ACC-10309,Nordwind Foods Ltd,Grace Thompson,ERP & Apps,Salesforce Implementation,Closed Lost,0%,431000.00,€,2024-12-04,2025-03-26,2025-04-23,Scope Reduced / In-house,Co-sell,2025-04-23,2025-04-23 19:16:28,opps_2024_12,,,v1,,EXACT_DUPLICATE
OPP-001213,Oakridge Capital - Managed SOC,ACC-10758,Oakridge Capital S.r.l.,Isabel Ferreira,Cyber,Managed SOC,Lost,0%,458000,EUR,2024-12-22,2025-07-09,2025-03-09,,Partner Referral,2025-03-09,2025-03-09 17:00:00,opps_2024_12,,,v1,,EXACT_DUPLICATE
OPP-001386,Zentra Shipping - SAP S/4HANA Implementation,ACC-10379,ZENTRA SHIPPING A/S,Sven Johansson,ERP & Business Apps,SAP S/4HANA Implementation,closed lost,0,7404300,DKK,2025-01-24,2025-05-12,07/04/2025,No fit,Existing Customer (Upsell),2025-04-07,2025-04-07 18:18:13,opps_2025_01,,,v1,,EXACT_DUPLICATE
OPP-001456,Corvina Brands - Application Support,ACC-10475,Corvina Brands AG,"Hoffmann, Julia",ERP,Application Support,Won,100,105000,EUR,2025-02-08,2025-06-01,2025-05-13,,Website,2025-05-13,2025-05-13 20:20:44,opps_2025_02,,,v1,,EXACT_DUPLICATE
OPP-001504,Stellaris Assurance - AI & GenAI Solutions,ACC-10601,STELLARIS ASSURANCE LTD,Niamh Walsh,Data & AI,AI & GenAI Solutions,Closed Lost,0,170 500,GBP,2025-02-16,2025-07-09,2025-06-12,Timing / Postponed,Partner Referral,2025-06-12,2025-06-12 19:14:36,opps_2025_02,,,v1,,EXACT_DUPLICATE
OPP-001522,Tamsin Freight - Data Platform Modernisation,ACC-10351,Tamsin Freight AS,M. Lindqvist,Data & AI,Data Platform Modernisation,Closed Lost,0,7013400,NOK,2025-02-19,17/06/2025,2025-06-24,Timing / Postponed,Website,2025-06-24,2025-06-24 18:58:56,opps_2025_02,,,v1,,EXACT_DUPLICATE
OPP-001578,Corvina Automotive - Managed Cloud Services,ACC-10589,Corvina Automotive Ltd,Oliver Hughes,CLOUD,Managed Cloud Services,Lost,,321 400,GBP,2025-03-04,2025-05-06,2025-05-16,,Co-sell,2025-05-16,2025-05-16 17:00:00,opps_2025_03,,,v1,,EXACT_DUPLICATE
OPP-001610,Quadra Retail - DevOps & Platform Engineering,ACC-10503,Quadra Retail SAS,Chloé Martin,Cloud & Infrastructure,DevOps & Platform Engineering,Closed Lost,0,46000,EUR,2025-03-11,2025-07-05,2025-05-01,No Budget,Event,2025-05-01,2025-05-01 17:00:00,opps_2025_03,,,v1,,EXACT_DUPLICATE
OPP-001654,Silverline Public Services - Application Support,ACC-10085,Silverline Public Services GmbH,Julia Hoffmann,ERP & Business Apps,Application Support,Closed Lost,0%,470000,eur,2025-03-19,2025-08-03,2025-06-04,,Existing Customer (Upsell),2025-06-04,2025-06-04 17:00:00,opps_2025_03,,,v1,,EXACT_DUPLICATE
OPP-001696,Meridian Renewables - Analytics & BI,ACC-10140,Meridian Renewables Ltd,Ethan Clarke,Data & AI,Analytics & BI,Closed Lost,0,169800,GBP,2025-03-29,2025-10-04,2025-04-17,No fit,Upsell,2025-04-17,2025-04-17 17:00:00,opps_2025_03,,,v1,,EXACT_DUPLICATE
OPP-001701,Gallway Agency - Application Support,ACC-10003,Gallway Agency SA,Camille Bernard,ERP & Business Apps,Application Support,Closed Lost,0,370500,EUR,2025-03-30,2025-09-27,2025-05-08,Not a Fit,Inbound - Website,2025-05-08,2025-05-08 20:14:39,opps_2025_03,,,v1,,EXACT_DUPLICATE
OPP-001744,Granite Invest - Analytics & BI,ACC-10691,Granite Invest Ltd,Niamh Walsh,Data & AI,Analytics & BI,Lost,0,42700,GBP,2025-04-05,2025-08-12,2025-06-09,,Inbound - Website,2025-06-09,2025-06-09 17:00:00,opps_2025_04,,,v1,,EXACT_DUPLICATE
OPP-001831,Harbour Capital - DevOps & Platform Engineering,ACC-10323,Harbour Capital SAS,Chloé Martin,Cloud & Infrastructure,DevOps & Platform Engineering,Closed - Lost,0,167500,eur,2025-04-23,2025-08-11,2025-10-18,No Decision / Stalled,Website,2025-10-18,2025-10-18 17:00:00,opps_2025_04,,,v1,,EXACT_DUPLICATE
OPP-001849,Granite Power - Identity & Access Management,ACC-10564,Granite Power N.V.,Sara Andersson,Cybersecurity,Identity & Access Management,Closed Won,100%,72000,EUR,2025-04-27,2025-09-14,2025-07-30,,Website,2025-07-30,2025-07-30 17:00:00,opps_2025_04,,,v1,,EXACT_DUPLICATE
OPP-001876,Corvina Industries - Data Platform Modernisation,ACC-10544,Corvina Industries N.V.,Emma de Vries,Data&AI,Data Platform Modernisation,Contracting,95,412500,EUR,2025-05-02,2025-08-01,,,Event / Webinar,2025-10-23,2025-10-18 05:21:27,opps_2025_05,,,v1,,EXACT_DUPLICATE
OPP-001923,Fontaine Finance - Managed SOC,ACC-10300,FONTAINE FINANCE AS,Sara Andersson,Cyber Security,Managed SOC,Closed Lost,0,6566500,NOK,2025-05-12,2025-10-16,2025-08-04,No fit,Hyperscaler Co-sell,2025-08-04,2025-08-04 18:15:00,opps_2025_05,,,v1,,EXACT_DUPLICATE
OPP-002042,Alpenkraft Capital - Data Platform Modernisation,ACC-10723,Alpenkraft Capital S.p.A.,Marco Rossi,Data & AI,Data Platform Modernisation,closed lost,0,195000,EUR,2025-06-02,2025-11-11,2026-01-03,Price,Upsell,2026-01-03,2026-01-03 17:00:00,opps_2025_06,,,v1,,EXACT_DUPLICATE
OPP-002048,Oakridge Invest - Security Assessment,ACC-10399,Oakridge Invest Sp. z o.o.,Jan Kowalski,Cyber Security,Security Assessment,Closed Won,100%,58200,PLN,2025-06-03,2025-10-02,2025-09-19,,Partner Referral,2025-09-19,2025-09-19 17:00:00,opps_2025_06,,,v1,,EXACT_DUPLICATE
OPP-002096,Fontaine Invest - AI & GenAI Solutions,ACC-10425,Fontaine Invest S.p.A.,Marco Rossi,Data & AI,AI & GenAI Solutions,Closed Lost,0%,317000,EUR,2025-06-13,2025-11-29,2026-04-05,,Outbound - SDR,2026-04-05,2026-04-05 17:00:00,opps_2025_06,,,v1,,EXACT_DUPLICATE
OPP-002117,Wexford Clinics - Salesforce Implementation,ACC-10582,Wexford Clinics SE,Julia Hoffmann,ERP & Business Apps,Salesforce Implementation,Closed Won,100,382500,EUR,2025-06-17,2025-12-26,2025-09-30,,Outbound - SDR,2025-09-30,2025-09-30 17:00:00,opps_2025_06,,,v1,,EXACT_DUPLICATE
OPP-002160,Riviera Grid - DevOps & Platform Engineering,ACC-10287,Riviera Grid AS,Freja Nielsen,Cloud & Infrastructure,DevOps & Platform Engineering,5 - Closed Won,100%,831300,NOK,2025-06-27,2025-10-07,2025-09-03,,Event / Webinar,2025-09-03,2025-09-03 17:00:00,opps_2025_06,,,v1,,EXACT_DUPLICATE
OPP-002210,Pionier Brands - Cloud Migration,ACC-10586,,,CLOUD,Cloud Migration,Stage 0: Closed Lost,0.0,419500,EUR,07/07/2025,24/10/2025,2025-10-02,no budget,Inbound - Website,02/10/2025,02/10/2025 17:00,opps_2025_07,mateo.lopez@nexora-consulting.eu,Omitted,v2,,EXACT_DUPLICATE
OPP-002384,Danubia Clinics - Analytics & BI,ACC-10517,,,DATA_AI,Analytics & BI,Stage 0: Closed Lost,0,35000,EUR,05/08/2025,04/01/2026,16/04/2026,,Hyperscaler Co-sell,16/04/2026,16/04/2026 17:00,opps_2025_08,mikael.lindqvist@nexora-consulting.eu,Omitted,v2,,EXACT_DUPLICATE
OPP-002390,Lindholm Bank - Managed Cloud Services,ACC-10482,,,CLOUD,Managed Cloud Services,Stage 0: Closed Lost,0,4210000,SEK,06/08/2025,26/01/2026,18/09/2025,Stalled,Existing Customer,18/09/2025,18/09/2025 17:00,opps_2025_08,freja.nielsen@nexora-consulting.eu,Omitted,v2,,EXACT_DUPLICATE
OPP-002607,Stellaris Industries - DevOps & Platform Engineering,ACC-10084,,,CLOUD,DevOps & Platform Engineering,Stage 5: Closed Won (100%),1.0,40500,EUR,11/09/2025,08/02/2026,22/12/2025,,Outbound - SDR,22/12/2025,22/12/2025 17:00,opps_2025_09,lukas.schneider@nexora-consulting.eu,Closed,v2,,EXACT_DUPLICATE
OPP-002613,Stellaris Biotech - Data Platform Modernisation,ACC-10478,,,DATA_AI,Data Platform Modernisation,Closed Lost,0.0,"384,500.00",EUR,12/09/2025,05/03/2026,03/11/2025,,Event / Webinar,03/11/2025,03/11/2025 22:49,opps_2025_09,ethan.clarke@nexora-consulting.eu,Omitted,v2,,EXACT_DUPLICATE
OPP-002656,Fjordline Motorenwerk - Data Platform Modernisation,ACC-10211,,,DATA_AI,Data Platform Modernisation,Closed Lost,0,"£235,600",GBP,21/09/2025,11/01/2026,04/02/2026,No Decision / Stalled,Existing Customer (Upsell),04/02/2026,04/02/2026 21:18,opps_2025_09,ethan.clarke@nexora-consulting.eu,Omitted,v2,,EXACT_DUPLICATE
OPP-002699,Tauern Retail - Managed Cloud Services,ACC-10111,,,CLOUD,Managed Cloud Services,Stage 0: Closed Lost,0.0,298000,EUR,29/09/2025,2026-01-24,06/10/2025,No Budget,Partner Referral,06/10/2025,06/10/2025 17:00,opps_2025_09,mateo.lopez@nexora-consulting.eu,Omitted,v2,,EXACT_DUPLICATE
OPP-002701,Bergmann Invest - Identity & Access Management,ACC-10216,,,CYBER,Identity & Access Management,Closed Lost,0.0,"311,500.00",EUR,30/09/2025,14/03/2026,07/12/2025,Not qualified,Existing Customer (Upsell),07/12/2025,07/12/2025 20:01,opps_2025_09,david.moreau@nexora-consulting.eu,Pipeline,v2,,EXACT_DUPLICATE
OPP-002765,Baltica Precision - Application Support,ACC-10275,,,ERP_APPS,Application Support,Stage 0: Closed Lost,0.0,4588500,NOK,09.10.2025,19/01/2026,24/10/2025,Not a Fit,Existing Customer,24/10/2025,24/10/2025 21:28,opps_2025_10,sven.johansson@nexora-consulting.eu,Omitted,v2,,EXACT_DUPLICATE
OPP-002769,Olympia Media - Security Assessment,ACC-10219,,,CYBER,Security Assessment,Closed Won,100,114900,PLN,09/10/2025,28/01/2026,02/02/2026,,Outbound,02/02/2026,02/02/2026 21:02,opps_2025_10,jan.kowalski@nexora-consulting.eu,Closed,v2,,EXACT_DUPLICATE
OPP-002779,Vektor Finance - Data Platform Modernisation,ACC-10392,,,DATA_AI,Data Platform Modernisation,Stage 0: Closed Lost,0,"314,000.00",EUR,11/10/2025,20/03/2026,26/10/2025,No Budget,Existing Customer (Upsell),26/10/2025,26/10/2025 17:00,opps_2025_10,hugo.laurent@nexora-consulting.eu,Omitted,v2,,EXACT_DUPLICATE
OPP-002791,Arcadia Precision - Managed SOC,ACC-10235,,,CYBER,Managed SOC,Stage 5: Closed Won (100%),100,413500,EUR,13/10/2025,14/02/2026,01/01/2026,,Inbound - Website,01/01/2026,01/01/2026 17:00,opps_2025_10,felix.wagner@nexora-consulting.eu,Closed,v2,,EXACT_DUPLICATE
OPP-002840,Bergmann Media - SAP S/4HANA Implementation,ACC-10169,,,ERP_APPS,SAP S/4HANA Implementation,Stage 0: Closed Lost,0,"£571,700",GBP,21/10/2025,28/04/2026,01/11/2025,No Decision / Stalled,Event / Webinar,01/11/2025,01/11/2025 20:00,opps_2025_10,grace.thompson@nexora-consulting.eu,Omitted,v2,,EXACT_DUPLICATE
OPP-003135,Dunmore Motorenwerk - Salesforce Implementation,ACC-10298,,,ERP_APPS,Salesforce Implementation,Stage 0: Closed Lost,0.0,2363600,NOK,17/12/2025,14/04/2026,22/06/2026,No Decision / Stalled,Referral,22/06/2026,22/06/2026 17:02,opps_2025_12,sven.johansson@nexora-consulting.eu,Omitted,v2,,EXACT_DUPLICATE
OPP-003280,Corvina Industries - Cloud Migration,ACC-10544,,,CLOUD,Cloud Migration,Stage 5: Closed Won (100%),100,309500,EUR,10/01/2026,08/07/2026,19/08/2026,,Event / Webinar,19/08/2026,19/08/2026 17:00,opps_2026_01,pieter.janssens@nexora-consulting.eu,Closed,v2,,EXACT_DUPLICATE
OPP-003408,Castellan Motorenwerk - DevOps & Platform Engineering,ACC-10645,,,CLOUD,DevOps & Platform Engineering,Stage 0: Closed Lost,0,65200,GBP,30/01/2026,19/05/2026,13/03/2026,No Decision / Stalled,Outbound - SDR,13/03/2026,13/03/2026 17:00,opps_2026_01,oliver.hughes@nexora-consulting.eu,Omitted,v2,,EXACT_DUPLICATE
OPP-003464,Atlas Renewables - Analytics & BI,ACC-10539,,,DATA_AI,Analytics & BI,Stage 0: Closed Lost,0.0,57000,EUR,08/02/2026,27/05/2026,22/05/2026,No Budget,Existing Customer (Upsell),22/05/2026,22/05/2026 17:00,opps_2026_02,hugo.laurent@nexora-consulting.eu,Omitted,v2,,EXACT_DUPLICATE
OPP-003497,Harbour Capital - Cloud Migration,ACC-10323,,,CLOUD,Cloud Migration,Stage 0: Closed Lost,0.0,290500,EUR,13/02/2026,29/08/2026,08/07/2026,No Budget,Partner Referral,08/07/2026,08/07/2026 17:00,opps_2026_02,chloe.martin@nexora-consulting.eu,Omitted,v2,,EXACT_DUPLICATE
OPP-003520,Elbe Power - Data Platform Modernisation,ACC-10004,,,DATA_AI,Data Platform Modernisation,Proposal,95,"€182,000",€,17/02/2026,2026-06-23,,,Existing Customer (Upsell),30/05/2026,30/05/2026 17:00,opps_2026_02,elena.bianchi@nexora-consulting.eu,Best Case,v2,,EXACT_DUPLICATE
OPP-003536,Hansa Municipal Services - Managed Cloud Services,ACC-10049,,,CLOUD,Managed Cloud Services,Stage 3: Proposal (75-90%),0.95,64000,EUR,21/02/2026,16/12/2026,,,Partner Referral,27/08/2026,27/08/2026 17:00,opps_2026_02,mateo.lopez@nexora-consulting.eu,Pipeline,v2,,EXACT_DUPLICATE
OPP-003593,Lumen Pharma - SAP S/4HANA Implementation,ACC-10682,,,ERP_APPS,SAP S/4HANA Implementation,Closed Lost,0,"€292,000",EUR,02/03/2026,21/09/2026,23/05/2026,Competitor,Existing Customer (Upsell),23/05/2026,23/05/2026 17:00,opps_2026_03,paolo.conti@nexora-consulting.eu,Omitted,v2,,EXACT_DUPLICATE
OPP-003717,Noord Health - Analytics & BI,ACC-10605,,,DATA_AI,Analytics & BI,Stage 5: Closed Won (100%),1.0,70500,EUR,21/03/2026,27/08/2026,2026-05-18,,Existing Customer (Upsell),18/05/2026,18/05/2026 17:00,opps_2026_03,emma.devries@nexora-consulting.eu,Closed,v2,,EXACT_DUPLICATE
OPP-003724,Fontaine Motorenwerk - Managed Cloud Services,ACC-10286,,,CLOUD,Managed Cloud Services,Stage 5: Closed Won (100%),1.0,192600,CHF,22/03/2026,27/08/2026,,,Upsell,29/05/2026,29/05/2026 17:00,opps_2026_03,lukas.schneider@nexora-consulting.eu,Closed,v2,,EXACT_DUPLICATE
OPP-003764,Lindholm Public Services - SAP S/4HANA Implementation,ACC-10644,,,ERP_APPS,SAP S/4HANA Implementation,Closed Lost,0,415000,EUR,29/03/2026,22/10/2026,12/05/2026,No decision,Upsell,12/05/2026,12/05/2026 17:00,opps_2026_03,grace.thompson@nexora-consulting.eu,Omitted,v2,,EXACT_DUPLICATE
OPP-003813,Bergmann Pharma - Analytics & BI,ACC-10437,,,DATA_AI,Analytics & BI,Stage 0: Closed Lost,0,4123000,czk,06/04/2026,11/09/2026,19/07/2026,Stalled,Existing Customer,19/07/2026,19/07/2026 17:00,opps_2026_04,katarzyna.nowak@nexora-consulting.eu,Omitted,v2,,EXACT_DUPLICATE
OPP-003835,Dunmore Automotive - Managed Cloud Services,ACC-10316,,,CLOUD,Managed Cloud Services,Stage 2: Solution Design (50-75%),80,405700,GBP,09/04/2026,2026-07-03,,,Existing Customer (Upsell),07/09/2026,07/09/2026 17:00,opps_2026_04,oliver.hughes@nexora-consulting.eu,Pipeline,v2,,EXACT_DUPLICATE
OPP-003844,Polaris Broadcast - Data Platform Modernisation,ACC-10629,,,DATA_AI,Data Platform Modernisation,Stage 0: Closed Lost,0,4345500,SEK,10.04.2026,11/05/2026,13/05/2026,No fit,AWS/Azure Co-sell,13/05/2026,13/05/2026 17:00,opps_2026_04,mikael.lindqvist@nexora-consulting.eu,Omitted,v2,,EXACT_DUPLICATE
OPP-003859,Rhein Freight - DevOps & Platform Engineering,ACC-10308,,,CLOUD,DevOps & Platform Engineering,Stage 4: Negotiation (90-100%),95,4476400,CZK,12/04/2026,20/11/2026,,,Existing Customer,12/09/2026,12/09/2026 17:00,opps_2026_04,tomas.novak@nexora-consulting.eu,Commit,v2,,EXACT_DUPLICATE
OPP-003939,Castellan Energy - Cloud Migration,ACC-10675,,,CLOUD,Cloud Migration,Stage 3: Proposal (75-90%),80,"217,500.00",EUR,2026-04-26,12/09/2026,,,Existing Customer,17/08/2026,17/08/2026 17:00,opps_2026_04,chloe.martin@nexora-consulting.eu,Best Case,v2,,EXACT_DUPLICATE
OPP-004154,Noord Authority - Data Platform Modernisation,ACC-10427,,,DATA_AI,Data Platform Modernisation,Stage 2: Solution Design (50-75%),70,100000,€,30/05/2026,17/11/2026,,,Existing Customer,13/09/2026,13/09/2026 17:00,opps_2026_05,ethan.clarke@nexora-consulting.eu,Pipeline,v2,,EXACT_DUPLICATE
OPP-004327,Alpenkraft Industries - Analytics & BI,ACC-10484,,,DATA_AI,Analytics & BI,Stage 0: Closed Lost,0,20000,GBP,26/06/2026,30/11/2026,07/07/2026,Not a Fit,Inbound,07/07/2026,07/07/2026 23:59,opps_2026_06,NIAMH.WALSH@NEXORA-CONSULTING.EU,Commit,v2,,EXACT_DUPLICATE
OPP-004413,Tamsin Grid - Analytics & BI,ACC-10192,,,DATA_AI,Analytics & BI,Stage 2: Solution Design (50-75%),70,45500,eur,10/07/2026,18/10/2026,,,Website,19/08/2026,19/08/2026 17:00,opps_2026_07,ethan.clarke@nexora-consulting.eu,Pipeline,v2,,EXACT_DUPLICATE
OPP-004491,Meridian Freight - Security Assessment,ACC-10185,,,CYBER,Security Assessment,Stage 2: Solution Design (50-75%),0.85,110000,EUR,22/07/2026,04/01/2027,,,Webinar,22/08/2026,22/08/2026 17:00,opps_2026_07,david.moreau@nexora-consulting.eu,Pipeline,v2,,EXACT_DUPLICATE
OPP-004536,Zephyr Transport - Security Assessment,ACC-10761,,,CYBER,Security Assessment,Stage 2: Solution Design (50-75%),0.7,"£27,300",GBP,29/07/2026,11/10/2026,,,Hyperscaler Co-sell,09/09/2026,09/09/2026 17:00,opps_2026_07,aoife.byrne@nexora-consulting.eu,Pipeline,v2,,EXACT_DUPLICATE
OPP-004547,Bergmann Industries - DevOps & Platform Engineering,ACC-10168,,,CLOUD,DevOps & Platform Engineering,Stage 2: Solution Design (50-75%),0.7,"532,300.00",PLN,31/07/2026,25/11/2026,,,Hyperscaler Co-sell,16/08/2026,24/08/2026 17:24,opps_2026_07,tomas.novak@nexora-consulting.eu,Pipeline,v2,,EXACT_DUPLICATE
OPP-004606,Delta Utilities - Identity & Access Management,ACC-10500,,,CYBER,Identity & Access Management,Stage 1: Discovery (0-50%),0.4,1981000,CZK,10/08/2026,29/09/2026,,,Existing Customer (Upsell),03/09/2026,03/09/2026 17:00,opps_2026_08,jan.kowalski@nexora-consulting.eu,Pipeline,v2,,EXACT_DUPLICATE
OPP-004696,Noord Retail - AI & GenAI Solutions,ACC-10656,,,DATA_AI,AI & GenAI Solutions,Stage 0: Closed Lost,0,114700,GBP,23/08/2026,09/11/2026,31/08/2026,No Budget,Existing Customer (Upsell),31/08/2026,31/08/2026 17:00,opps_2026_08,niamh.walsh@nexora-consulting.eu,Best Case,v2,,EXACT_DUPLICATE
OPP-004708,Baltica Motorenwerk - Analytics & BI,ACC-10550,,,DATA_AI,Analytics & BI,Stage 2: Solution Design (50-75%),0.7,81000,EUR,25/08/2026,24/12/2026,,,Hyperscaler Co-sell,03/09/2026,03/09/2026 17:00,opps_2026_08,elena.bianchi@nexora-consulting.eu,Pipeline,v2,,EXACT_DUPLICATE
OPP-004736,Zentra Shipping - Salesforce Implementation,ACC-10379,,,ERP_APPS,Salesforce Implementation,Discovery,30,2308800,DKK,29/08/2026,12/11/2026,,,Event,08/09/2026,08/09/2026 17:00,opps_2026_08,sven.johansson@nexora-consulting.eu,Pipeline,v2,,EXACT_DUPLICATE
OPP-004785,Vistula Authority - Application Support,ACC-10361,,,ERP_APPS,Application Support,Discovery,0.3,76500,EUR,07/09/2026,15/04/2027,,,Inbound,07/09/2026,07/09/2026 17:00,opps_2026_09,camille.bernard@nexora-consulting.eu,Best Case,v2,,EXACT_DUPLICATE
OPP-004803,Zentra Shipping - Analytics & BI,ACC-10379,,,DATA_AI,Analytics & BI,Stage 1: Discovery (0-50%),10,487200,DKK,10/09/2026,09/01/2027,,,Existing Customer (Upsell),12/09/2026,12/09/2026 17:00,opps_2026_09,mikael.lindqvist@nexora-consulting.eu,Pipeline,v2,,EXACT_DUPLICATE
